gene1,gene2
AATF,BAX
AATF,LDOC1
AATF,POLR2J
AATF,TSG101
ABL2,BTF3
ACAA1,PCCA
ACAA2,PCCA
ACADS,ECHS1
ACAT1,AACS
ACAT1,HMGCS2
ACAT1,MYC
ACAT1,NFYA
ACTB,ACTR3C
ACTB,AHNAK
ACTB,ARHGAP10
ACTB,CTNNA1
ACTB,ITGA2
ACTB,ITGA6
ACTB,ITGA9
ACTB,MYO1B
ACTB,MYO5A
ACTB,NFYC
ACTB,STK3
ACTB,WAS
ACTB,WASF1
ACTG1,CTNNA1
ACTG1,EGR3
ACTG1,NR3C2
ACTG1,SMARCB1
ACTG1,STK3
ACTL6A,TRRAP
ACTL6B,NFYC
ACTR3C,CTCF
ADH1A,CYP26A1
ADH1A,GSTA1
ADH1A,GSTA2
ADH1A,GSTA3
ADH1A,GSTA4
ADH1A,GSTA5
ADH1A,GSTM1
ADH1A,GSTM2
ADH1A,GSTM3
ADH1A,GSTM4
ADH1A,GSTM5
ADH1A,GSTO1
ADH1A,GSTO2
ADH1A,GSTP1
ADH1A,GSTT1
ADH1A,GSTT2
ADH1A,GSTT2B
ADH1A,MGST1
ADH1A,MGST2
ADH1A,MGST3
ADH1C,NFYA
AGTR1,ETV4
AGTR1,SERPINE1
AGTR1,SND1
AGXT2,ABAT
AHNAK,EBF1
AKT1,APC
AKT1,EGR1
AKT1,ESR1
AKT1,GSK3B
AKT1,MDM4
AKT1,RPS6KB1
AKT1,SMAD2
AKT1,TP53
AKT1,TSC2
AKT2,RPS6KB1
AKT3,BAD
AKT3,C6
AKT3,C7
AKT3,C8A
AKT3,C8B
AKT3,C9
AKT3,CDKN1A
AKT3,HSP90AA1
AKT3,HSP90AB1
AKT3,PPP2R5A
AKT3,PTK2
AKT3,RHOB
AKT3,RPS6KB1
AKT3,THEM4
AKT3,TSC2
ALDH1B1,ACYP1
ALDH1B1,ADH1A
ALDH1B1,AOC1
ALDH1B1,CTCF
ALDH2,ACYP1
ALDH2,ADH1A
ALDH2,ADH1B
ALDH2,ADH1C
ALDH2,ADH4
ALDH2,AKR1B10
ALDH2,AOC1
ALDH2,BBOX1
ALDH6A1,ABAT
ALDH6A1,NFYC
ALDOB,FBP1
AMDHD1,UROC1
ANAPC11,PTTG1
ANAPC5,FOS
ANAPC5,FOSB
ANAPC5,MYC
ANAPC7,PTTG1
ANKZF1,AURKB
ANKZF1,CA2
AOC1,INMT
APC,PTGS2
APC2,AXIN2
APC2,EGR1
ARAF,HRAS
ARAF,KRAS
ARAF,NRAS
ARAF,PRKCD
ARAF,YWHAB
ARAF,YWHAG
ARAF,YWHAZ
ARF1,MDM4
ARF1,NPM1
ARF1,WBP11
ARID1A,SMARCA4
ARID4B,SAP130
ARPC1A,EGR1
ASL,ADSL
ASS1,ADSS1
ASS1,ASL
ATF5,ACBD4
ATF5,ADK
ATF5,ADRA1B
ATF5,CDKL5
ATF5,CENPE
ATF5,CEP55
ATF5,CIRBP-AS1
ATF5,COPA
ATF5,DNAJC7
ATF5,DNAJC9
ATF5,ENOPH1
ATF5,FBXO4
ATF5,FGF13
ATF5,GGNBP2
ATF5,HHIP
ATF5,HNRNPA2B1
ATF5,HNRNPU
ATF5,IGF2BP2
ATF5,JDP2
ATF5,KAT7
ATF5,KCNN2
ATF5,KLF13
ATF5,KLHL12
ATF5,KRTCAP2
ATF5,LIG3
ATF5,LOX
ATF5,LPP
ATF5,MCAM
ATF5,NEDD1
ATF5,NPM1
ATF5,NUDT3
ATF5,ONECUT2
ATF5,PCDH9
ATF5,PEX5
ATF5,PFDN6
ATF5,PHACTR3
ATF5,RAD51C
ATF5,RNF44
ATF5,RPS27
ATF5,RUSC1
ATF5,SAFB2
ATF5,SLC5A7
ATF5,SND1
ATF5,STAMBP
ATF5,TAF2
ATF5,TAPT1
ATF5,TSPYL1
ATF5,UCK2
ATF5,ZNF711
ATF5,ZNF746
ATF5,ZWILCH
ATP6V1F,CTCF
ATP6V1F,EGR2
ATP6V1F,EGR3
B4GALT3,ST3GAL3
BARD1,FEZ1
BARD1,TCERG1
BCL2L1,BAX
BCL2L1,CTCF
BDP1,POLR3F
BHMT,DMGDH
BMP5,BMPR1A
BMP8A,BMPR1A
BRAF,CTCF
BRAF,E2F1
BRCA2,BUB1B
BRCA2,CCNA2
BRCA2,CCNE1
BRCA2,CDK1
BRCA2,ESR1
BRCA2,FANCD2
BRCA2,FANCG
BRCA2,MYC
BRCA2,PLK1
BRCA2,RPA1
BRCA2,SEM1
BRD7,CTCF
BRD7,PAFAH1B3
BRD7,PTPN13
BRD7,RPLP1
BRD8,TRRAP
CAMK1,EGR2
CAMK1,EGR3
CAMK2B,EGR2
CAMK2B,EGR3
CAT,EGR1
CAT,EGR3
CAT,NFE2L2
CAT,NFYA
CCDC6,CTCF
CCNA2,E2F1
CCNA2,ESR1
CCNA2,ETS2
CCNA2,MYC
CCNA2,UBTF
CCNB1,E2F1
CCNB1,FOXM1
CCNB2,ANAPC11
CCNB2,ANAPC5
CCNB2,ANAPC7
CCNB2,MCM2
CCNB2,NFYA
CCND1,CREB3L2
CCND1,E2F1
CCND1,ELAVL1
CCND1,ETS2
CCND1,GSK3B
CCND1,NELFCD
CCND1,NPM1
CCND1,RFC1
CCNE1,EGR2
CCNE1,EGR3
CCNE1,EZH2
CCNE1,SMARCA4
CCNE1,SMARCD3
CCNE1,TCF19
CD14,TLR4
CDC20,FBXO5
CDC20,NFYC
CDC20,PTTG1
CDC23,NFYC
CDC23,PTTG1
CDC25B,FOXM1
CDC25C,PPP1CC
CDC45,E2F1
CDC45,MCM2
CDC45,MCM4
CDC45,MCM6
CDC6,CCNA2
CDC6,E2F1
CDC6,FOXM1
CDC6,MCM2
CDC6,NFYA
CDK1,CCNB1
CDK1,CDC25C
CDK1,E2F1
CDK1,ETS2
CDK1,FOXM1
CDK1,MCM4
CDK1,MDM4
CDK1,NPM1
CDK1,PTTG1
CDK6,CTNNB1
CDK6,EGR1
CDK6,MCM2
CDK7,E2F1
CDK7,ERCC3
CDK7,ESR1
CDKN1A,CCNA2
CDKN1A,E2F1
CDKN1A,ESR1
CDKN1A,ETS2
CDKN1A,FUBP1
CDKN1A,NELFCD
CDKN1A,NPM1
CDKN1A,SMAD2
CDKN1A,TAF5
CDKN1A,TSG101
CDKN2A,EZH2
CDKN2A,FOXM1
CDKN2A,MCM5
CDKN2C,E2F1
CDKN2C,EGR2
CDKN2C,EGR3
CDKN2C,RBBP5
CDKN2C,WDR5
CENPS,FANCI
CENPX,FANCI
CFI,C3
CITED2,LHX2
CKS1B,CTCF
CKS1B,NFYC
CKS1B,SKP2
CKS2,SKP2
CLEC4M,IL10
CLOCK,CSNK1D
CLOCK,CTCF
CNOT3,CAND1
CNOT3,CNOT1
CNOT4,CNOT1
CNOT4,UBE2D2
CREB3L2,EGR1
CSNK1A1,CTNNB1
CSNK1A1,EGR1
CSNK1A1,HMGB2
CSNK1A1,MDM4
CSNK1A1L,APC
CSNK2A1,BDP1
CSNK2A1,CUX2
CSNK2A1,HMGA1
CSNK2A1,MAZ
CSNK2A1,SSRP1
CTCF,ADAMTS1
CTCF,APOC3
CTCF,ATOH8
CTCF,C1QTNF1
CTCF,C6orf141
CTCF,CDCA5
CTCF,CENPM
CTCF,CEP135
CTCF,CIDEB
CTCF,CPNE3
CTCF,CRHBP
CTCF,CSPP1
CTCF,CXCL2
CTCF,DNM1L
CTCF,DPP8
CTCF,DSN1
CTCF,EBF1
CTCF,EDNRB
CTCF,FAM220A
CTCF,FASTK
CTCF,FREM2
CTCF,GABPB2
CTCF,GLUL
CTCF,GORASP2
CTCF,GPSM2
CTCF,HAAO
CTCF,IER2
CTCF,IL13RA2
CTCF,INTS10
CTCF,KPTN
CTCF,LOC286359
CTCF,MASP1
CTCF,MEPCE
CTCF,METTL1
CTCF,MTFR1
CTCF,NCBP2
CTCF,NDRG3
CTCF,NFYA
CTCF,NOL7
CTCF,NOM1
CTCF,NUP160
CTCF,NUP85
CTCF,NVL
CTCF,PLK4
CTCF,PLOD3
CTCF,POLG2
CTCF,POLR2J
CTCF,PTBP3
CTCF,PTGS2
CTCF,PTPRG
CTCF,RAB13
CTCF,RBM12
CTCF,RBM45
CTCF,RNF144A
CTCF,RPL7A
CTCF,RPS4X
CTCF,RPS5
CTCF,SATB2
CTCF,SHB
CTCF,SLC5A5
CTCF,SLC7A6
CTCF,SLCO2B1
CTCF,SLCO4C1
CTCF,SNRPD2
CTCF,SNRPE
CTCF,SPATA6L
CTCF,SUOX
CTCF,TCERG1
CTCF,TCHP
CTCF,TIGD1
CTCF,TTL
CTCF,UBE2A
CTCF,UBE2K
CTCF,VIPR1
CTCF,WDSUB1
CTCF,ZHX1
CTCF,ZNF3
CTCF,ZNF706
CTNNB1,BIRC5
CTNNB1,CSNK1D
CTNNB1,EGR1
CTNNB1,ESR1
CTNNB1,FYN
CTNNB1,NDRG1
CTNNB1,SMAD2
CTNNBL1,STAMBP
CYP1A2,CYP26A1
CYP1A2,CYP2C19
CYP1A2,CYP2J2
CYP1A2,GSTO2
CYP1A2,NAT2
CYP26A1,CYP2B6
CYP2A6,CYP2B6
CYP2A7,CYP26A1
CYP2C8,CYP26A1
CYP2C9,CYP26A1
CYP8B1,AKR1D1
CYP8B1,TP53
DACH1,UBE2I
DBF4,E2F1
DBF4,EGR1
DBF4,MCM2
DBF4,MCM6
DCN,NR1H4
DCTN2,EGR2
DCTN2,EGR3
DCTN2,TUBA1B
DCTN4,HSF2
DCTN4,TUBA1B
DDB2,CUL4A
DDB2,CUL4B
DDX20,DHX9
DDX20,GEMIN5
DDX20,SNRPD2
DDX20,SNRPE
DDX20,SNRPF
DGKQ,PLCD3
DGKZ,EGR3
DGKZ,PLCD3
DNAJC2,HSPA14
DNMT1,BIRC5
DNMT1,CBX1
DNMT1,EPCAM
DNMT1,NPM1
DNMT3A,CBX1
DNMT3A,EZH2
DNMT3A,SETDB1
DNMT3A,SUV39H1
DNMT3A,UBE2I
DR1,EGR1
DR1,NR2C2
DR1,POLE3
DR1,PTGS2
DTYMK,NFYA
DTYMK,TK1
DTYMK,TYMS
DUSP1,E2F1
DUSP1,NFE2L2
DUT,TK1
DVL1,BRD7
DVL1,FRAT1
DVL1,FRAT2
DVL1,NKD2
DVL2,FOSB
DVL2,FRAT1
DVL2,NKD2
DVL2,RNPS1
DVL3,FRAT1
DVL3,KAT7
DVL3,NKD2
DYNC1H1,TUBA1B
DYNC1I2,TUBA1B
DYNLL1,EGR2
DYNLL1,EGR3
DYNLL1,NRF1
DYNLL1,TUBA1B
DYNLL1,ZMYND11
E2F1,ANP32B
E2F1,APIP
E2F1,ARHGAP11A
E2F1,ARSJ
E2F1,AURKA
E2F1,AURKB
E2F1,BIRC5
E2F1,BRD7
E2F1,BROX
E2F1,CALM1
E2F1,CCDC6
E2F1,CCDC93
E2F1,CDK6
E2F1,CDT1
E2F1,CENPM
E2F1,CLTA
E2F1,CSE1L
E2F1,CSRNP1
E2F1,CTCF
E2F1,CTNNB1
E2F1,CYP2R1
E2F1,DCK
E2F1,DDB2
E2F1,DDX46
E2F1,DEK
E2F1,DENR
E2F1,DHX30
E2F1,DHX9
E2F1,DIRAS3
E2F1,DISP1
E2F1,DNMT1
E2F1,DOCK5
E2F1,DPCD
E2F1,ECT2
E2F1,EIF4A3
E2F1,ESR1
E2F1,FASTK
E2F1,FOXM1
E2F1,FZD10
E2F1,GCHFR
E2F1,GON4L
E2F1,HLTF
E2F1,IGF2
E2F1,IL10
E2F1,IL1B
E2F1,IRF3
E2F1,ITGB3BP
E2F1,KDM6A
E2F1,KIAA1143
E2F1,KIF4A
E2F1,LIG1
E2F1,LNPEP
E2F1,LPP
E2F1,LRRC4C
E2F1,LSM2
E2F1,MAP7
E2F1,MCM10
E2F1,MCM2
E2F1,MCM4
E2F1,MCM6
E2F1,MDM4
E2F1,MEFV
E2F1,MNAT1
E2F1,MT1G
E2F1,MYC
E2F1,NCBP2
E2F1,NDC80
E2F1,NKD2
E2F1,NPY1R
E2F1,NUP153
E2F1,OTUD7B
E2F1,PA2G4
E2F1,PBRM1
E2F1,PCBP2
E2F1,PEX5
E2F1,PHF20
E2F1,PRRC2C
E2F1,PTBP1
E2F1,PTBP3
E2F1,PXMP2
E2F1,RACGAP1
E2F1,RFC1
E2F1,RPL10A
E2F1,RPL15
E2F1,RPLP2
E2F1,RRM1
E2F1,SEPHS1
E2F1,SLC25A20
E2F1,SLC2A3
E2F1,SLC39A14
E2F1,SMC4
E2F1,SMYD2
E2F1,SORL1
E2F1,STIL
E2F1,TATDN2
E2F1,TBC1D13
E2F1,TERT
E2F1,THOC6
E2F1,TMEM53
E2F1,TP53BP2
E2F1,TRIM16
E2F1,TRIM24
E2F1,TUBA1B
E2F1,TUFT1
E2F1,UBAP2
E2F1,UBE2S
E2F1,UHRF1
E2F1,UNG
E2F1,WNT5A
E2F1,XPO1
E2F1,YEATS4
E2F2,ACSL1
E2F2,ACTR6
E2F2,AGBL5
E2F2,AP1S1
E2F2,APIP
E2F2,ARHGAP11A
E2F2,ARID1A
E2F2,ARID3B
E2F2,ARL6IP6
E2F2,ARSJ
E2F2,BAP1
E2F2,BMPR1B
E2F2,BROX
E2F2,C11orf54
E2F2,CA2
E2F2,CAPRIN1
E2F2,CBX1
E2F2,CCNE1
E2F2,CCNE2
E2F2,CCT3
E2F2,CDCA3
E2F2,CDCA7
E2F2,CENPM
E2F2,CHCHD7
E2F2,CHRDL1
E2F2,CLIC1
E2F2,CLK2
E2F2,CLTA
E2F2,CNOT10
E2F2,COPS6
E2F2,CSRNP1
E2F2,CYP2R1
E2F2,DCAF7
E2F2,DCTPP1
E2F2,DENR
E2F2,DHX30
E2F2,DHX9
E2F2,DPF2
E2F2,DTL
E2F2,EFCAB7
E2F2,EPM2A
E2F2,FARS2
E2F2,FBLN1
E2F2,GALNT11
E2F2,GCHFR
E2F2,GINS1
E2F2,GMNN
E2F2,GON4L
E2F2,GPAA1
E2F2,GPR158
E2F2,GTF3C2
E2F2,HAT1
E2F2,HMGB2
E2F2,KDM6A
E2F2,KIAA1143
E2F2,KLHDC3
E2F2,LBR
E2F2,LHX2
E2F2,LRRC4C
E2F2,MAPRE1
E2F2,MCM10
E2F2,MELK
E2F2,MEPCE
E2F2,METTL15
E2F2,METTL3
E2F2,MRPL24
E2F2,MRPL49
E2F2,MRTO4
E2F2,MSH3
E2F2,MSH6
E2F2,MYOZ3
E2F2,MZT1
E2F2,N4BP2L1
E2F2,NCBP2
E2F2,NEK2
E2F2,NIPBL
E2F2,NPY1R
E2F2,NR2C2AP
E2F2,NSF
E2F2,NSFL1C
E2F2,NUP153
E2F2,NUP155
E2F2,OAS2
E2F2,OTUD7B
E2F2,PABPC1
E2F2,PARD3
E2F2,PHYHIPL
E2F2,POLE2
E2F2,PPM1D
E2F2,PRR14L
E2F2,PRRC2C
E2F2,PTBP3
E2F2,PTGS2
E2F2,PTMA
E2F2,PTPRB
E2F2,PXMP2
E2F2,RANBP1
E2F2,RASSF4
E2F2,RBM22
E2F2,RBM28
E2F2,RDH16
E2F2,RHOBTB1
E2F2,RPL15
E2F2,RPL29
E2F2,RPS20
E2F2,RPS6KB1
E2F2,RUSC1
E2F2,SAP30L
E2F2,SENP1
E2F2,SERPINE1
E2F2,SETD2
E2F2,SHB
E2F2,SLC16A2
E2F2,SLC25A20
E2F2,SLC2A3
E2F2,SLC39A14
E2F2,SMARCE1
E2F2,SMC3
E2F2,SMC4
E2F2,SORL1
E2F2,SPRY2
E2F2,STAG1
E2F2,STK35
E2F2,STMN1
E2F2,STOML2
E2F2,SUV39H1
E2F2,SUZ12
E2F2,TACC3
E2F2,TCP1
E2F2,TMEM53
E2F2,TMPO
E2F2,TRMT12
E2F2,TRMT6
E2F2,TSPAN7
E2F2,TUFT1
E2F2,UBE2S
E2F2,UHRF1
E2F2,UNG
E2F2,USP1
E2F2,UTRN
E2F2,WNT5A
E2F2,WNT9A
E2F2,WRAP73
E2F2,XPO1
E2F4,AGBL5
E2F4,ANLN
E2F4,AP1S1
E2F4,APIP
E2F4,ARHGAP11A
E2F4,ARL6IP6
E2F4,ARSJ
E2F4,AURKB
E2F4,BAP1
E2F4,BIRC5
E2F4,BMPR1B
E2F4,BROX
E2F4,BUB3
E2F4,CA2
E2F4,CALM1
E2F4,CAPRIN1
E2F4,CBX1
E2F4,CCT3
E2F4,CDC37L1
E2F4,CDCA7
E2F4,CENPE
E2F4,CENPM
E2F4,CHCHD7
E2F4,CHRDL1
E2F4,CLIC1
E2F4,CLK2
E2F4,CLTA
E2F4,CNOT10
E2F4,COL4A1
E2F4,COPS6
E2F4,CSE1L
E2F4,CSRNP1
E2F4,CTH
E2F4,CYP2R1
E2F4,DCTPP1
E2F4,DENR
E2F4,DHX30
E2F4,DHX9
E2F4,DIRAS3
E2F4,DRG1
E2F4,DTL
E2F4,EFCAB7
E2F4,EIF4H
E2F4,F3
E2F4,FARS2
E2F4,FBLN1
E2F4,FEN1
E2F4,G6PD
E2F4,GALNT11
E2F4,GINS1
E2F4,GJB2
E2F4,GMNN
E2F4,GON4L
E2F4,GPAA1
E2F4,GPANK1
E2F4,GPR158
E2F4,GTF3C2
E2F4,HAT1
E2F4,HLTF
E2F4,HMMR
E2F4,ITGB3BP
E2F4,KDM6A
E2F4,KIAA1143
E2F4,KIF4A
E2F4,KLHDC3
E2F4,LHX2
E2F4,LRRC4C
E2F4,MAPRE1
E2F4,MCM10
E2F4,MCM8
E2F4,MELK
E2F4,MEPCE
E2F4,METTL15
E2F4,METTL3
E2F4,MKI67
E2F4,MRPL24
E2F4,MRPL49
E2F4,MRTO4
E2F4,MSH2
E2F4,MSH3
E2F4,MSH6
E2F4,MYOZ3
E2F4,MZT1
E2F4,N4BP2L1
E2F4,NCBP2
E2F4,NCL
E2F4,NDC80
E2F4,NEK2
E2F4,NIPBL
E2F4,NPY1R
E2F4,NR2C2AP
E2F4,NSF
E2F4,NSFL1C
E2F4,NUP153
E2F4,NUP155
E2F4,OTUD7B
E2F4,PABPC1
E2F4,PARD3
E2F4,PCLAF
E2F4,PHYHIPL
E2F4,PLK4
E2F4,PLSCR4
E2F4,POLD1
E2F4,POLE2
E2F4,PPIA
E2F4,PPM1D
E2F4,PRC1
E2F4,PRIM2
E2F4,PRR14L
E2F4,PRRC2C
E2F4,PTBP3
E2F4,PTGS2
E2F4,PTMA
E2F4,PTPRB
E2F4,PXMP2
E2F4,RABIF
E2F4,RANBP1
E2F4,RASSF4
E2F4,RBM22
E2F4,RBM28
E2F4,RFC3
E2F4,RFC4
E2F4,RHOBTB1
E2F4,RPL15
E2F4,RPL23A
E2F4,RPL29
E2F4,RPS20
E2F4,RPS4X
E2F4,RRM1
E2F4,RUSC1
E2F4,SAP30L
E2F4,SENP1
E2F4,SETD2
E2F4,SHB
E2F4,SLC16A2
E2F4,SLC25A20
E2F4,SLC39A14
E2F4,SMARCE1
E2F4,SMC2
E2F4,SMC3
E2F4,SMC4
E2F4,SORL1
E2F4,SPRY2
E2F4,STAG1
E2F4,STAM
E2F4,STK35
E2F4,STMN1
E2F4,STOML2
E2F4,SUPT4H1
E2F4,SUV39H1
E2F4,SUZ12
E2F4,TACC3
E2F4,TBL2
E2F4,TCP1
E2F4,TK1
E2F4,TMEM53
E2F4,TMPO
E2F4,TOP2A
E2F4,TOPBP1
E2F4,TRMT6
E2F4,TRRAP
E2F4,TSNAX
E2F4,TSPAN7
E2F4,TTK
E2F4,TUFT1
E2F4,UBE2S
E2F4,UNG
E2F4,WNT5A
E2F4,WNT9A
E2F4,WRAP73
E2F4,XPO1
E2F5,AGBL5
E2F5,AP1S1
E2F5,APIP
E2F5,ARHGAP11A
E2F5,ARID1A
E2F5,ARL6IP6
E2F5,ARSJ
E2F5,BAP1
E2F5,BMPR1B
E2F5,BROX
E2F5,CA2
E2F5,CAPRIN1
E2F5,CBX1
E2F5,CCT3
E2F5,CDCA7
E2F5,CENPM
E2F5,CHCHD7
E2F5,CHRDL1
E2F5,CLIC1
E2F5,CLK2
E2F5,CLTA
E2F5,CNOT10
E2F5,COPS6
E2F5,CSRNP1
E2F5,CYP2R1
E2F5,DCTPP1
E2F5,DENR
E2F5,DHX30
E2F5,DHX9
E2F5,DTL
E2F5,EFCAB7
E2F5,FARS2
E2F5,FBLN1
E2F5,GALNT11
E2F5,GINS1
E2F5,GMNN
E2F5,GON4L
E2F5,GPAA1
E2F5,GPR158
E2F5,GTF3C2
E2F5,HAT1
E2F5,HMGA1
E2F5,HMGB2
E2F5,KDM6A
E2F5,KIAA1143
E2F5,KLHDC3
E2F5,LHX2
E2F5,LOXL2
E2F5,LRRC4C
E2F5,MCM10
E2F5,MELK
E2F5,MEPCE
E2F5,METTL15
E2F5,METTL3
E2F5,MRPL24
E2F5,MRPL49
E2F5,MRTO4
E2F5,MSH3
E2F5,MSH6
E2F5,MYOZ3
E2F5,MZT1
E2F5,N4BP2L1
E2F5,NCBP2
E2F5,NIPBL
E2F5,NPY1R
E2F5,NR2C2AP
E2F5,NSF
E2F5,NSFL1C
E2F5,NUP153
E2F5,NUP155
E2F5,OTUD7B
E2F5,PABPC1
E2F5,PARD3
E2F5,PHYHIPL
E2F5,PPM1D
E2F5,PRR14L
E2F5,PRRC2C
E2F5,PTBP3
E2F5,PTMA
E2F5,PTPRB
E2F5,PXMP2
E2F5,RANBP1
E2F5,RASSF4
E2F5,RBM22
E2F5,RBM28
E2F5,RHOBTB1
E2F5,RPL15
E2F5,RPL29
E2F5,RPS20
E2F5,RUSC1
E2F5,SAP30L
E2F5,SENP1
E2F5,SETD2
E2F5,SHB
E2F5,SLC16A2
E2F5,SLC25A20
E2F5,SLC39A14
E2F5,SMARCE1
E2F5,SMC3
E2F5,SMC4
E2F5,SORL1
E2F5,SPRY2
E2F5,STAG1
E2F5,STK35
E2F5,STMN1
E2F5,STOML2
E2F5,SUV39H1
E2F5,TACC3
E2F5,TCP1
E2F5,TMEM53
E2F5,TMPO
E2F5,TRMT6
E2F5,TSPAN7
E2F5,TUFT1
E2F5,UBE2S
E2F5,UHRF1
E2F5,UNG
E2F5,WNT5A
E2F5,WNT9A
E2F5,WRAP73
E2F5,XPO1
EBF1,ANGPTL6
EBF1,CD300A
EBF1,CENPM
EBF1,DENND4B
EBF1,EGR1
EBF1,FCGR2B
EBF1,GALNT10
EBF1,GLUL
EBF1,LIX1L
EBF1,LNPEP
EBF1,RCAN1
EBF1,RPL38
EBF1,SOWAHA
EBF1,ZNF143
EBF1,ZNF605
ECHS1,ACADM
ECHS1,IVD
EGFR,ATP6AP1
EGFR,ATP6V1C2
EGFR,ATP6V1F
EGFR,ATP6V1H
EGFR,CTNNB1
EGFR,E2F1
EGFR,ESR1
EGFR,FGF23
EGFR,MAPK1
EGFR,PIK3CA
EGFR,PLCB1
EGFR,PLCB2
EGFR,TP53
EGFR,TSG101
EGR1,ACADM
EGR1,ARHGEF11
EGR1,ARID3B
EGR1,ARID4B
EGR1,CALM1
EGR1,CEP63
EGR1,CH25H
EGR1,CHCHD1
EGR1,CLK2
EGR1,CNOT3
EGR1,CNOT4
EGR1,COPS7A
EGR1,CPN2
EGR1,CSRNP1
EGR1,DENR
EGR1,DHX30
EGR1,DHX35
EGR1,DNAH14
EGR1,DNAJC2
EGR1,DNALI1
EGR1,DONSON
EGR1,EGR3
EGR1,EIF4A3
EGR1,EP400
EGR1,FAM168A
EGR1,FASTKD3
EGR1,FIGNL1
EGR1,FOXK1
EGR1,FOXM1
EGR1,HMGCL
EGR1,IER2
EGR1,ILF3
EGR1,INTS10
EGR1,IQSEC1
EGR1,ITGB3BP
EGR1,JRKL
EGR1,KBTBD4
EGR1,KIF2A
EGR1,LONP2
EGR1,LY6E
EGR1,MASTL
EGR1,MEA1
EGR1,MEPCE
EGR1,METTL5
EGR1,MRPL34
EGR1,NFRKB
EGR1,NFYA
EGR1,NME1
EGR1,NOM1
EGR1,NRF1
EGR1,OGDHL
EGR1,OTUD7B
EGR1,PAPOLA
EGR1,PCBP2
EGR1,PFDN2
EGR1,PHIP
EGR1,PLOD3
EGR1,POLD1
EGR1,PTBP3
EGR1,PUF60
EGR1,RAD51C
EGR1,RCAN1
EGR1,RNF144A
EGR1,RUFY1
EGR1,SATB2
EGR1,SCGB3A1
EGR1,SET
EGR1,SLC36A1
EGR1,SLC39A10
EGR1,SLC5A5
EGR1,SLCO4C1
EGR1,SNX12
EGR1,STK39
EGR1,TBC1D13
EGR1,TCFL5
EGR1,TCP1
EGR1,TF
EGR1,TFPI2
EGR1,THOC6
EGR1,TIGD1
EGR1,TPMT
EGR1,TRIM10
EGR1,TRIM15
EGR1,TTL
EGR1,TUBA1B
EGR1,UBE2S
EGR1,UBTF
EGR1,UBXN2B
EGR1,USH1G
EGR1,USP22
EGR1,USP31
EGR1,WDHD1
EGR1,XPO5
EGR1,XPOT
EGR1,XPR1
EGR1,YTHDF3
EGR1,ZBTB41
EGR1,ZNF280C
EGR1,ZNF3
EGR1,ZNF322
EGR2,AGAP1
EGR2,AGAP3
EGR2,ANKH
EGR2,AP1S1
EGR2,ARID4B
EGR2,BROX
EGR2,C12orf75
EGR2,CCDC124
EGR2,CDYL
EGR2,CEP70
EGR2,CKAP5
EGR2,COLEC12
EGR2,CSNK1G1
EGR2,CYP39A1
EGR2,DDX20
EGR2,EIF3B
EGR2,ERGIC3
EGR2,F3
EGR2,FAM83H
EGR2,FAS
EGR2,KCNN2
EGR2,KIF2C
EGR2,LRRC42
EGR2,LSM2
EGR2,MASTL
EGR2,MATR3
EGR2,MAZ
EGR2,MID1
EGR2,MORC2
EGR2,MRPL34
EGR2,MTCH1
EGR2,NDUFA4L2
EGR2,NKIRAS2
EGR2,NTN4
EGR2,PABPC1
EGR2,PABPC4
EGR2,PAFAH1B3
EGR2,PGP
EGR2,PPOX
EGR2,PRKAR2B
EGR2,PRPF3
EGR2,PRR14L
EGR2,PTGS2
EGR2,PTPN3
EGR2,RBBP7
EGR2,RNASEH2A
EGR2,SF3B4
EGR2,SFT2D2
EGR2,SLC25A39
EGR2,SOCS2
EGR2,SORT1
EGR2,SPNS1
EGR2,STAMBP
EGR2,TDRKH
EGR2,THOC6
EGR2,TLCD1
EGR2,TRMT112
EGR2,UBE2Z
EGR2,USP1
EGR2,XPR1
EGR2,ZSWIM6
EGR3,AGAP1
EGR3,AGAP3
EGR3,AHCTF1
EGR3,AP1S1
EGR3,ARID4B
EGR3,BROX
EGR3,C12orf75
EGR3,CALM1
EGR3,CAMSAP2
EGR3,CCDC124
EGR3,CDYL
EGR3,CEP70
EGR3,CHKA
EGR3,CKAP5
EGR3,COLEC12
EGR3,CSNK1G1
EGR3,CYP39A1
EGR3,DCAF11
EGR3,DNAJC14
EGR3,ERGIC3
EGR3,EZH1
EGR3,FAM20B
EGR3,FKBP1A
EGR3,FOSB
EGR3,FREM2
EGR3,FSD1L
EGR3,HNRNPL
EGR3,HNRNPU
EGR3,IFFO1
EGR3,KCNN2
EGR3,KDM5B
EGR3,KIF2C
EGR3,LRRC42
EGR3,LSM2
EGR3,LYVE1
EGR3,MASTL
EGR3,MATR3
EGR3,MAZ
EGR3,MID1
EGR3,MLLT6
EGR3,MORC2
EGR3,MRPL34
EGR3,MTCH1
EGR3,NDUFA4L2
EGR3,NKIRAS2
EGR3,NR2C2
EGR3,NSF
EGR3,NTN4
EGR3,PABPC1
EGR3,PAFAH1B3
EGR3,PGP
EGR3,PITPNM3
EGR3,PPOX
EGR3,PRKAR2B
EGR3,PRPF3
EGR3,PRR14L
EGR3,PTPN3
EGR3,PURA
EGR3,RANBP1
EGR3,RNASEH2A
EGR3,SF3B4
EGR3,SFT2D2
EGR3,SNX27
EGR3,SNX30
EGR3,SOCS2
EGR3,SORT1
EGR3,SPINT2
EGR3,SPNS1
EGR3,STAMBP
EGR3,TAF5
EGR3,TDRKH
EGR3,THOC2
EGR3,THOC6
EGR3,TLCD1
EGR3,UBAP2L
EGR3,UBE2Z
EGR3,USP39
EGR3,USP43
EGR3,XPR1
EGR3,ZNF706
EGR3,ZSWIM5
EGR3,ZSWIM6
EHD3,RBSN
EHHADH,ACAT1
EHHADH,IVD
ELAVL1,ATF5
ELAVL1,TRAF5
ELAVL1,ZFP36
ELK1,ACD
ELK1,ACTG2
ELK1,AP3B1
ELK1,AP5M1
ELK1,ARID2
ELK1,ASXL2
ELK1,BANF1
ELK1,BLM
ELK1,BROX
ELK1,C17orf58
ELK1,CBLN2
ELK1,CDCA8
ELK1,CENPF
ELK1,CIDEB
ELK1,CITED2
ELK1,CLK2
ELK1,COLEC11
ELK1,COMMD5
ELK1,COPA
ELK1,CPSF3
ELK1,CSPP1
ELK1,DAP3
ELK1,DCAF8
ELK1,DDX55
ELK1,DHX30
ELK1,DISP1
ELK1,DNAJC2
ELK1,DNAJC7
ELK1,DPCD
ELK1,EIF2AK1
ELK1,EIF3G
ELK1,EMG1
ELK1,EPB41L4A
ELK1,EPHA2
ELK1,ERCC3
ELK1,EXOSC10
ELK1,FAM168B
ELK1,FANCI
ELK1,FBXL18
ELK1,FBXW2
ELK1,FUT4
ELK1,FZD4
ELK1,GPANK1
ELK1,HEATR1
ELK1,ITGB3BP
ELK1,ITPA
ELK1,KAT7
ELK1,KBTBD4
ELK1,KCND3
ELK1,KCNN2
ELK1,KIF4A
ELK1,KLHDC3
ELK1,LASP1
ELK1,LRRC4C
ELK1,LZIC
ELK1,MAF1
ELK1,MCM10
ELK1,MDM4
ELK1,MEA1
ELK1,MECOM
ELK1,MLEC
ELK1,MSH3
ELK1,MTBP
ELK1,MTIF2
ELK1,NOL7
ELK1,NUP155
ELK1,OGG1
ELK1,OSTF1
ELK1,OTUD7B
ELK1,PARD3
ELK1,POLA1
ELK1,PPOX
ELK1,PRCP
ELK1,PRPF19
ELK1,PTBP3
ELK1,PUF60
ELK1,RABIF
ELK1,RAC1
ELK1,RALA
ELK1,RBM22
ELK1,RBP5
ELK1,RNF150
ELK1,RNPS1
ELK1,RPL15
ELK1,RPL37
ELK1,SEC24C
ELK1,SENP1
ELK1,SERPINI1
ELK1,SETDB1
ELK1,SF3B2
ELK1,SFR1
ELK1,SKP2
ELK1,SLBP
ELK1,SLC25A20
ELK1,SMG8
ELK1,SND1
ELK1,SNX12
ELK1,THOC6
ELK1,TINAGL1
ELK1,TMEM68
ELK1,TNF
ELK1,TRIM15
ELK1,TRRAP
ELK1,UBE2I
ELK1,UBE2J2
ELK1,UBE2Q1
ELK1,UGGT1
ELK1,WDR46
ELK1,ZFP36
ELK1,ZNF322
ELK1,ZNF581
ELK1,ZNF623
ELK1,ZSCAN29
ELK4,NR2C2
ENAH,ACTB
ENAH,E2F2
EP400,TRRAP
EPHX2,CYP2B6
ERCC3,GTF2H4
ERCC3,MNAT1
ESR1,ASPA
ESR1,BLM
ESR1,CALM1
ESR1,CCDC6
ESR1,CLOCK
ESR1,CRHBP
ESR1,DNMT1
ESR1,GPSM2
ESR1,HSPB1
ESR1,IL10
ESR1,ITGB3BP
ESR1,KCNH7
ESR1,MDK
ESR1,MED24
ESR1,MICB
ESR1,MMS19
ESR1,MNAT1
ESR1,MRPL43
ESR1,NDRG2
ESR1,PTGES3
ESR1,PTPRG
ESR1,SLCO2B1
ESR1,SLCO4C1
ESR1,SMARCD3
ESR1,SMG5
ESR1,TERT
ESR1,TRIM24
ESR1,TUBA1B
ESR1,ZMYM3
ETS2,CD163
ETS2,CTCF
ETS2,VWF
ETV4,APOH
ETV4,BCHE
ETV4,CETP
ETV4,F9
ETV4,GJB2
ETV4,LOX
ETV4,MEP1B
ETV4,MMP12
ETV4,MMP9
ETV4,NR3C2
ETV4,OAS2
ETV4,PCSK6
ETV4,PTGS2
ETV4,TNF
EXOC2,EXOC4
EXOC2,RALA
EZH1,ZMYND11
EZH2,ADAMTS1
EZH2,AXL
EZH2,KPNB1
EZH2,RPLP0
EZH2,SUZ12
EZH2,ZMYND11
FANCC,FANCI
FANCD2,MYC
FANCF,FANCI
FANCG,FANCI
FCER1A,FYN
FOLH1,ASPA
FOS,CCL2
FOS,CITED2
FOS,CKS1B
FOS,CSRNP1
FOS,CXCL14
FOS,DNAJC6
FOS,DOCK5
FOS,DPCD
FOS,DTL
FOS,DUS4L
FOS,ESR1
FOS,GABARAPL1
FOS,GPATCH1
FOS,IL1B
FOS,KCNN2
FOS,KIF14
FOS,KIF20A
FOS,LAMC1
FOS,MYC
FOS,NDRG1
FOS,NME1
FOS,PRSS53
FOS,PTGS2
FOS,RAB13
FOS,SLC34A2
FOS,SPRR1A
FOS,TCEA2
FOS,TFPI2
FOS,THOC6
FOS,ZG16
FOSB,ADRA1B
FOSB,ANK3
FOSB,ANXA10
FOSB,ANXA3
FOSB,AQP1
FOSB,ASAP2
FOSB,BRD8
FOSB,C6orf62
FOSB,CHST4
FOSB,CLIC1
FOSB,CSRNP1
FOSB,CXCL14
FOSB,DUS4L
FOSB,EFTUD2
FOSB,F3
FOSB,FAF1
FOSB,FAM83H
FOSB,FTL
FOSB,GABARAPL1
FOSB,KAT7
FOSB,KCNMB2
FOSB,KCNN2
FOSB,KCNN3
FOSB,KIF14
FOSB,MAP2
FOSB,MDC1
FOSB,MICAL2
FOSB,MMP9
FOSB,NUAK1
FOSB,PCDHGA4
FOSB,PCSK6
FOSB,POLR2H
FOSB,PRKAR2A
FOSB,PRSS53
FOSB,PSMG3
FOSB,PTH1R
FOSB,QSER1
FOSB,RBBP7
FOSB,RPP40
FOSB,S100A8
FOSB,SEMA3F
FOSB,SERPINE1
FOSB,SLC34A2
FOSB,SPRR1A
FOSB,SRPK2
FOSB,SRXN1
FOSB,STK3
FOSB,STOML2
FOSB,TAF4
FOSB,TCEA2
FOSB,TFPI2
FOSB,TPD52L2
FOSB,TPPP2
FOSB,TSPAN1
FOSB,ZFP36
FOSB,ZNF532
FRMD6,EGR1
FRMD6,EGR3
FRMD6,STK3
FTCD,AMDHD1
FTCD,MTHFD1
FTCD,MTHFD1L
FUBP1,PUF60
FYN,EGR1
FZD10,LRP5
FZD3,CTCF
FZD3,EGR2
FZD7,EGR1
FZD9,EGR2
FZD9,EGR3
GAB1,MET
GAB1,SHC1
GAB1,SHC3
GADD45A,MAP3K4
GADD45A,NPM1
GADD45B,MAP3K4
GADD45G,CDK1
GADD45G,MAP3K4
GADD45G,PCNA
GCH1,NFYC
GDF5,BMPR1A
GLS2,GLUL
GLUD2,GLUL
GLUD2,NIT2
GMPS,TPMT
GNB1,EGR2
GRB2,EPHA2
GRB2,FGFR4
GRB2,MET
GRB2,NGFR
GRB2,NPM1
GRB2,PDGFRA
GRB2,SHC3
GRB2,SHC4
GSK3B,APC
GSK3B,APC2
GSK3B,CTNNB1
GSK3B,E2F1
GSK3B,FRAT1
GSK3B,NFYC
GSTA1,CTCF
GSTA1,NFE2L2
GSTA2,CTCF
GSTP1,FOSB
GSTT2B,E2F1
GTF2IRD1,EXOSC4
HAO1,PGP
HAO2,CAT
HAO2,PGP
HAX1,ABCB4
HAX1,EIF3F
HDAC2,BUB3
HDAC2,CCL2
HDAC2,CCNE1
HDAC2,CD1D
HDAC2,CDC20
HDAC2,CDYL
HDAC2,DDX20
HDAC2,HIF1AN
HDAC2,MECOM
HDAC2,PA2G4
HDAC2,PTMA
HDAC2,RFX5
HDAC2,SETDB1
HDAC2,SNW1
HDAC2,SUV39H1
HDAC2,TOP2A
HDAC6,EGR1
HDAC6,TARDBP
HDGF,FAS
HGF,CTCF
HGF,EGFR
HGF,MET
HGS,TSG101
HK3,BAX
HKDC1,BAX
HLA-A,HLA-C
HLA-C,NFYA
HLTF,EEF1G
HLTF,HERC2
HMGA1,IL1B
HMGA1,PTGS2
HMGA1,RNF4
HMGA1,SLC2A3
HMGB2,SET
HMGB2,TNF
HOMER1,EGR1
HOMER1,MYC
HRAS,CAMK1
HRAS,MAZ
HRAS,PDGFRA
HRAS,TPM3
HRAS,TPR
HSF2,A2MP1
HSF2,ATOH8
HSF2,BMPR1B
HSF2,CCT3
HSF2,CCT4
HSF2,GDI1
HSF2,HNRNPA1
HSF2,HSPA4
HSF2,KIN
HSF2,KNTC1
HSF2,KRTAP13-1
HSF2,MDC1
HSF2,NCAPD2
HSF2,NCAPG
HSF2,NOSIP
HSF2,NR2C2
HSF2,NUTF2
HSF2,PTGES3
HSF2,SMG8
HSF2,SNRNP40
HSF2,ST3GAL6
HSF2,SUCLG2
HSF2,TRMT12
HSF2,UBE2I
HSF2,YEATS2
HSF2,ZMAT2
HSP90AA1,NR2C2
HSP90AA1,NR3C2
HSP90AB1,NR2C2
IGF1,DCN
IGF1,GSK3B
IGF1R,PLCB1
IGF2,CTCF
IGF2,EGR1
IGF2,EGR3
IGF2,GPC3
IGF2,SUZ12
IGFBP3,CTCF
IGFBP3,DNMT3A
IGFBP3,FOS
IL1RAP,MYD88
ILF2,EEF1G
ILF2,ILF3
ILF2,NFYA
ILF3,BIRC5
ILF3,DHX9
ILF3,NDRG1
ILF3,XPO5
IMPDH2,TPMT
IRF3,CCL2
ITGA6,CTCF
JDP2,SNW1
KAT7,CEP70
KAT7,RPS10
KAT7,SNAPIN
KDM3B,ACTL6B
KNTC1,ZWILCH
KRAS,NR3C2
LAMA2,ITGA6
LAMA4,BRD7
LAMA4,ITGA6
LAMB4,ITGA6
LAMC1,CTCF
LAMC1,EBF1
LAMC1,ITGA6
LCAT,CTCF
LIPG,MGLL
LIPG,NFYA
LPCAT1,PLAAT3
LRP5,DVL1
LRP5,EGR3
LRP6,ATF5
LRP6,DVL1
LTA4H,CYP4F3
LTA4H,MYC
MAD2L1,CTCF
MAP2K1,ATF5
MAP2K1,PPP2CB
MAP2K1,PPP2R1A
MAP2K1,PRKCD
MAP2K2,EGR2
MAP2K2,MAPK1
MAP4K4,MAP3K1
MAPK1,DUSP1
MAPK1,DUSP6
MAPK1,DUSP9
MAPK1,EGR1
MAPK1,ESR1
MAPK1,ETS2
MAPK1,FOS
MAPK1,IL17RC
MAPK1,PRKCD
MAPK1,RPS6KB1
MAPK1,SDC1
MAPK1,SMAD2
MAPK1,TSC2
MAPK1,UBTF
MAPK1,ZFP36
MAPK10,ESR1
MAPK10,FOSB
MAPK10,MECOM
MAPK10,TP53
MAPK3,RPS6KB1
MAPK3,TNF
MAPK3,ZNF7
MAPKAPK5,HSPB1
MAZ,CD4
MAZ,MMP9
MAZ,TSG101
MCM2,MCM10
MCM2,MCM4
MCM2,MCM6
MCM2,RPS4X
MCM3,MCM10
MCM3,MCM3AP
MCM3,SUPT16H
MCM6,CDT1
MCM6,MCM10
MECOM,SMARCA4
MET,PLCG1
MET,PTK2
MLLT6,UBQLN4
MMUT,SUCLG2
MOGAT2,MGLL
MRC1,IL10
MRC2,IL10
MTHFD1L,E2F1
MTMR7,PIP4P2
MTOR,AKT1
MTOR,EIF4EBP1
MTOR,IGF1
MTOR,PIK3CA
MTOR,PIK3CB
MTOR,PIK3CD
MTOR,PIK3R1
MTOR,PIK3R2
MTOR,PIK3R3
MTOR,PRKAA2
MTOR,PRKAB1
MTOR,PRKAB2
MTOR,PRKAG1
MTOR,PRKCA
MTOR,PRKCB
MTOR,PRKCG
MTOR,RHEB
MTOR,RRAGC
MTOR,RRAGD
MTR,CTH
MYC,ACADM
MYC,ACTR3C
MYC,AGPAT2
MYC,ANP32E
MYC,APC
MYC,APH1A
MYC,ARRDC4
MYC,ATP6V1F
MYC,BAG2
MYC,BARD1
MYC,BDP1
MYC,BIRC5
MYC,BRD7
MYC,BRI3BP
MYC,BUB3
MYC,CCDC6
MYC,CCT3
MYC,CCT7
MYC,CD300A
MYC,CDCA7
MYC,CDHR2
MYC,CDK16
MYC,CENPK
MYC,CEP63
MYC,CLK2
MYC,COPS7A
MYC,CTCF
MYC,CUL4A
MYC,DAP3
MYC,DCAF12
MYC,DCAF13
MYC,DCAF8
MYC,DEPDC1B
MYC,DESI2
MYC,DNAJC2
MYC,DNAJC25
MYC,DYM
MYC,EGR3
MYC,EIF2S3
MYC,EIF4B
MYC,ENG
MYC,EP400
MYC,EPM2A
MYC,ESR1
MYC,ETS2
MYC,F11
MYC,FARSB
MYC,FASTK
MYC,FASTKD3
MYC,FOXM1
MYC,GBAP1
MYC,GGCT
MYC,GINS1
MYC,GTF3C3
MYC,HEATR1
MYC,HLA-A
MYC,HLA-C
MYC,HMMR
MYC,HNRNPA1
MYC,HNRNPC
MYC,HNRNPL
MYC,HNRNPR
MYC,IFT81
MYC,ISOC1
MYC,ITGA6
MYC,ITPA
MYC,KCNJ16
MYC,KDM6A
MYC,KIF2A
MYC,KLHL23
MYC,KPNA3
MYC,KPTN
MYC,LAMC1
MYC,LY6E
MYC,MAP7
MYC,MEA1
MYC,MEPCE
MYC,MGLL
MYC,MTPAP
MYC,MVK
MYC,NCBP2
MYC,NDRG1
MYC,NOL7
MYC,NOM1
MYC,NPM1
MYC,NSMCE2
MYC,NUP153
MYC,OAF
MYC,PDCD2L
MYC,PFDN2
MYC,PITPNM3
MYC,PLSCR4
MYC,POLD1
MYC,POLE3
MYC,POLG2
MYC,PQBP1
MYC,PRRC1
MYC,PSMG3
MYC,PTBP1
MYC,PTBP3
MYC,PTEN
MYC,PYCR2
MYC,RAB22A
MYC,RAB3GAP2
MYC,RCL1
MYC,RFX5
MYC,RPL15
MYC,RPL19
MYC,RPL37
MYC,RPL7
MYC,RPSA
MYC,RTF1
MYC,RUSC1
MYC,SAE1
MYC,SCAMP3
MYC,SCRIB
MYC,SDK2
MYC,SET
MYC,SLC36A1
MYC,SLC39A10
MYC,SLC9B2
MYC,SMARCB1
MYC,SMC3
MYC,SPNS2
MYC,SSB
MYC,STIP1
MYC,SUN5
MYC,TATDN2
MYC,TBX15
MYC,TCERG1
MYC,TCP1
MYC,TERT
MYC,TEX10
MYC,TOMM40L
MYC,TOP1MT
MYC,TOPBP1
MYC,TPR
MYC,TSNAX
MYC,TXLNG
MYC,U2SURP
MYC,UBAP2L
MYC,UBE2C
MYC,UNG
MYC,USH1G
MYC,USP31
MYC,VPS16
MYC,VPS54
MYC,XPO1
MYC,XPOT
MYC,ZC3HAV1
MYC,ZFP36
MYC,ZNHIT3
MYC,ZSWIM5
MYD88,IRAK1
MYD88,TLR4
MYD88,TNF
MYD88,ZIC2
MYO10,EGR2
MYO10,EGR3
NAMPT,CLOCK
NAMPT,NNMT
NAT2,CYP2A6
NAT2,CYP2A7
NFE2L2,CFTR
NFE2L2,COPS7A
NFE2L2,EIF2AK1
NFE2L2,HBB
NFE2L2,HMOX1
NFE2L2,NQO1
NFE2L2,PMF1
NFE2L2,ZIC2
NFYA,ANP32E
NFYA,ARHGAP11A
NFYA,ARID4B
NFYA,ARRDC4
NFYA,AURKB
NFYA,BLM
NFYA,BUB3
NFYA,CAND1
NFYA,CDK16
NFYA,CENPI
NFYA,CENPK
NFYA,DCK
NFYA,DDX50
NFYA,DEPDC1B
NFYA,DLGAP5
NFYA,DPCD
NFYA,DTL
NFYA,ECT2
NFYA,EFCAB11
NFYA,EIF2S3
NFYA,GBAP1
NFYA,GDF2
NFYA,GGCT
NFYA,GOLT1B
NFYA,HBB
NFYA,HERC2
NFYA,HIGD1A
NFYA,HNRNPA1
NFYA,HNRNPC
NFYA,HNRNPL
NFYA,IK
NFYA,KCNN2
NFYA,KIF14
NFYA,KPNA2
NFYA,LRRC4C
NFYA,MED24
NFYA,MRPL11
NFYA,NCAPG2
NFYA,NUP43
NFYA,PA2G4
NFYA,PFDN6
NFYA,PHF20
NFYA,PMF1
NFYA,PPFIBP1
NFYA,PQBP1
NFYA,PSMD4
NFYA,RCL1
NFYA,RFWD3
NFYA,RNF20
NFYA,RPL14
NFYA,SLC3A1
NFYA,SORT1
NFYA,SPC25
NFYA,STIL
NFYA,STIP1
NFYA,SUOX
NFYA,TATDN2
NFYA,TCF19
NFYA,TCP1
NFYA,TERF1
NFYA,TMEM53
NFYA,TOMM40L
NFYA,TPSAB1
NFYA,TPX2
NFYA,UBE2S
NFYA,UNG
NFYA,XPO1
NFYA,ZCCHC17
NFYA,ZNF143
NFYA,ZNF189
NFYC,ANK3
NFYC,AURKA
NFYC,CAND1
NFYC,CASP2
NFYC,CCDC149
NFYC,CDCA3
NFYC,CENPF
NFYC,CHP1
NFYC,COPZ1
NFYC,DCAF11
NFYC,DEPDC1B
NFYC,ENOPH1
NFYC,FAS
NFYC,FLAD1
NFYC,GGH
NFYC,GOLPH3L
NFYC,HBB
NFYC,HERC2
NFYC,KPNB1
NFYC,LRRC4C
NFYC,MRPL49
NFYC,MSH6
NFYC,MUC6
NFYC,NIF3L1
NFYC,NUP37
NFYC,OGG1
NFYC,PA2G4
NFYC,PEAK1
NFYC,PHF6
NFYC,PRCP
NFYC,PRDM10
NFYC,PSMD4
NFYC,RMI2
NFYC,RMST
NFYC,RRM2
NFYC,SLBP
NFYC,SLC7A8
NFYC,STARD7
NFYC,SYT13
NFYC,TTK
NFYC,UBE2S
NFYC,USP21
NFYC,ZC2HC1C
NGFR,PLCB1
NPM1,NCL
NPM1,NOP2
NPM1,TCERG1
NPM1,XPO1
NR1H4,ABCB4
NR1H4,SLCO1B3
NR2C2,NR2C2AP
NR3C2,FXYD2
NR3C2,HSPA4
NR3C2,PTGES3
NRAS,PDPK1
NRF1,IDE
NRF1,NQO1
ORC1,KAT7
ORC6,CDC6
ORC6,MCM2
ORC6,MCM4
ORC6,MCM6
PAPOLA,CPSF3
PAPOLA,SNRPA
PBXIP1,TSNAX
PBXIP1,UBQLN4
PCNA,BAZ1B
PCNA,E2F1
PCYT1A,ATF5
PCYT1A,CHKA
PCYT1A,MAPK1
PCYT1A,MAPK10
PCYT1A,MAPK3
PCYT1A,ZNF143
PDCD11,S100A8
PDE7A,ADSL
PDE7B,ADSL
PDGFD,EGFR
PDGFD,PDGFRA
PDGFRA,PLCB1
PDGFRA,PLCG1
PDGFRA,PTK2
PDPK1,EGR1
PDPK1,EGR3
PDPK1,RPS6KB1
PHF10,SETDB1
PHF10,UTP14A
PIK3CA,CHKA
PIK3CA,ESR1
PIK3CA,FYN
PIK3CA,FZD3
PIK3CA,GNB1
PIK3CA,HOMER1
PIK3CA,HOMER2
PIK3CA,PDPK1
PIK3CA,PRKCD
PIK3CA,TP53
PIK3CA,TRAF5
PIK3CB,CHKA
PIK3CB,PDPK1
PIK3CB,PRKCD
PIK3CB,PTK2
PIK3CB,RAC1
PIK3CD,CHKA
PIK3CD,PDPK1
PIK3CD,PRKCD
PIK3CD,PTK2
PIK3CD,RAC1
PIK3R1,CHKA
PIK3R1,EGR2
PIK3R1,NFYC
PIK3R1,RAC1
PIK3R1,WBP11
PIK3R2,CHKA
PIK3R2,PDPK1
PIK3R2,PRKCD
PIK3R2,PTK2
PIK3R2,RAC1
PIK3R3,CHKA
PIK3R3,PDPK1
PIK3R3,PRKCD
PIK3R3,PTK2
PIK3R3,RAC1
PIP4K2B,ATF5
PIP4K2B,PTEN
PKN1,CTCF
PKN1,MEFV
PLAG1,KPNA2
PLCB1,AVPR1A
PLCB1,FPR1
PLCB1,GNB1
PLCG1,PRKCD
PLCG2,NPM1
PLCG2,PRKCD
PLK1,CCNB2
PLK1,CTNNB1
PLK1,E2F1
PLK1,MCM2
PLK1,NFYA
PLK1,NPM1
PNP,MYC
PNP,NMRK1
PNP,NNMT
PNP,XDH
PNP,ZHX1
PPP1CC,TRPM8
PPP1CC,WBP11
PPP2CB,EGR3
PPP2CB,IRAK1
PPP2CB,RPS6KB1
PPP2CB,SMG5
PPP2CB,STK3
PPP2R1A,IRAK1
PPP2R1A,MCM3
PPP2R1A,RPS6KB1
PPP2R1A,SMG5
PPP2R1A,STK3
PPP2R5A,APC
PPP2R5A,EGR3
PPP2R5A,FOS
PPP2R5A,NFYA
PPP2R5A,SMG5
PQBP1,TXNL4A
PQBP1,WBP11
PRKAA2,ACACA
PRKAA2,ACACB
PRKAA2,EGR2
PRKAA2,EGR3
PRKAA2,ELAVL1
PRKAB1,ACACA
PRKAB1,ACACB
PRKAB1,ELAVL1
PRKAB2,ACACA
PRKAB2,ACACB
PRKAB2,ELAVL1
PRKAG1,ACACA
PRKAG1,ACACB
PRKAG1,EGR2
PRKAG1,ELAVL1
PRKAG1,ZIC2
PRKAG2,ACACA
PRKAG2,ACACB
PRKAG2,ADIPOR1
PRKAG2,ADRA1A
PRKAG2,BMP8A
PRKCA,ATP6AP1
PRKCA,PA2G4
PRKCA,PLCB1
PRKCA,PLCB2
PRKCA,PLCG1
PRKCA,PLCG2
PRKCA,PTK2
PRKCA,TRPV4
PRKCB,FCGR2C
PRKCB,FCGR3B
PRKCB,PA2G4
PRKCB,PLCB1
PRKCB,PLCB2
PRKCB,PLCG2
PRKCB,SLC2A2
PRKCB,TRPV4
PRKCD,EGR2
PRKCD,EGR3
PRKCD,NFE2L2
PRKCD,TRPV4
PRKCG,ARAF
PRKCG,FOS
PRKCG,PA2G4
PRKCG,PTK2
PRKCG,TRPV4
PRKDC,E2F1
PRKDC,ILF2
PSPH,SHMT1
PTEN,CTCF
PTEN,EGR1
PTK2,ITGA2
PTK2,ITGA6
PTMA,IDO2
PTMA,KPNA2
PTMA,KPNB1
PTMA,NUTF2
PTMA,SET
PTMA,VIPR1
PTTG1,RPS10
PTTG1,XRCC6
PURA,CDK5
PURA,FAS
RAC1,ABL2
RAC1,DVL1
RAC1,DVL2
RAC1,DVL3
RAC1,FYN
RAC1,GNB1
RAC1,MAP3K1
RAC1,PTTG1
RAC1,RALBP1
RAC1,TLR4
RAC1,WASF2
RAD54B,GORASP2
RAF1,PIK3CA
RAF1,PIK3CB
RAF1,PIK3CD
RAF1,PIK3R2
RAF1,RFXANK
RALA,RALBP1
RALGAPB,RALA
RAN,PTMA
RAN,SSRP1
RAN,XPO1
RASSF4,STK3
RBBP5,CTCF
RBBP7,DHX30
RBBP7,SUV39H1
RBSN,RAB4A
RBSN,VPS45
RETSAT,CYP26A1
RETSAT,HSD17B6
RFX5,RFXANK
RGL1,RALA
RHEB,EGR1
RHEB,MYC
RHEB,NFYA
RHOB,CTCF
RHOB,NFYA
RILP,TUBA1B
RNPS1,SART3
RNPS1,UBQLN4
ROCK2,PTEN
RPS6KA3,EGR3
RPS6KA3,MEFV
RPS6KB1,EIF4B
RPS6KB2,EIF4B
RRAGC,EGR2
RRAGC,EGR3
RUVBL1,ACTL6A
RUVBL1,CTNNB1
RUVBL1,DKC1
RUVBL1,PLG
RUVBL1,TERT
RUVBL2,DPCD
RUVBL2,EXOSC10
RUVBL2,NDRG1
SDHB,NFE2L2
SDHB,NRF1
SDHB,SUCLG2
SDHD,SUCLG2
SERPING1,C1R
SFRP1,EZH2
SFRP5,DNMT3A
SHC1,NPM1
SHC2,EGFR
SHC2,EPHA2
SHC2,FGFR4
SHC2,FYN
SHC2,IGF1R
SHC2,MET
SHC2,NGFR
SHC2,PDGFRA
SHMT1,AGXT
SHMT1,AGXT2
SHMT1,MYC
SHMT1,SDS
SIRT7,NNMT
SMAD2,ESR1
SMAD2,NFYA
SMAD2,NUP153
SMAD2,PAPOLA
SMARCA2,ACTL6A
SMARCA2,ACTL6B
SMARCA2,ARID2
SMARCA2,PRPF6
SMARCA4,ACTL6A
SMARCA4,ARID2
SMARCA4,ZMYND11
SMARCB1,ARID2
SMARCB1,SMARCD2
SMARCB1,SMARCD3
SMARCB1,XPO1
SMARCC1,ARID2
SMARCC1,SMARCD3
SMARCC2,ARID2
SMARCC2,BAZ1B
SMARCC2,ITSN1
SMARCD1,ATF5
SMARCD1,FEZ1
SMARCD1,LDOC1
SMARCD2,EGR1
SMARCD2,EGR3
SMARCD3,EGR1
SMARCD3,NR1H4
SMARCD3,ZIC2
SMARCE1,ARID2
SMARCE1,BAZ1B
SMARCE1,NCOA2
SMG7,MYC
SMG7,SMG5
SMS,E2F1
SMS,EGR1
SNRPD1,GEMIN5
SNRPD1,SNRPD2
SNW1,PABPN1
SOS1,PDGFRA
SOS1,SHC3
SOS1,SPRY2
SOS2,BCL2L1
SOS2,FOS
SOS2,FOSB
SOS2,SPRY2
SRM,MYC
SRM,NFYA
SRM,SMS
SSRP1,DHX9
SSRP1,EXOSC10
SSRP1,NEK9
SUPT16H,NEK9
TAF12,CPSF1
TAF12,TAF2
TAF4,TAF2
TAF5,CPSF1
TAF5,TAF6
TALDO1,MYC
TALDO1,ZHX1
TALDO1,ZNF143
TARDBP,EXOSC10
TARDBP,NSFL1C
TARDBP,SETDB1
TARDBP,ZHX1
TCEA2,CENPT
TCEA2,RPA1
TCERG1,HNRNPM
TCERG1,SETDB1
TCERG1,SF3A3
TCERG1,SF3B2
TCERG1,SF3B4
TCF7,AXIN1
TCF7,BIRC5
TCF7,TERT
TCF7L1,AXIN1
TCF7L1,BIRC5
TCF7L2,AXIN1
TCF7L2,BIRC5
TCF7L2,CSNK2A1
TCF7L2,PTGS2
TCF7L2,STARD7
TCFL5,TOPBP1
TERT,CTCF
TERT,DNMT1
TERT,ETS2
TERT,XRCC6
TGFB1,ASH1L
TGFB1,DCN
TGFB1,FOSB
TGFBR2,CTNNB1
TGFBR2,ETS2
TGFBR2,FOSB
TIMELESS,TIPIN
TKT,EGR3
TKT,RPIA
TP53,AFP
TP53,AHNAK
TP53,AQP3
TP53,ARHGAP10
TP53,AURKA
TP53,BARD1
TP53,BRCA2
TP53,BRD7
TP53,CCNA2
TP53,CCNB1
TP53,CCNB2
TP53,CCND1
TP53,CDC25C
TP53,CDK1
TP53,CDKN1A
TP53,CNTN4
TP53,CSNK1D
TP53,CTCF
TP53,CTNNB1
TP53,DNMT1
TP53,DPF2
TP53,DUSP1
TP53,DVL2
TP53,E2F1
TP53,EGR1
TP53,ELAVL1
TP53,EPCAM
TP53,ESR1
TP53,ETS2
TP53,FOXM1
TP53,FRMD6
TP53,GPM6A
TP53,GSK3B
TP53,HSPB1
TP53,IGF2
TP53,KLKB1
TP53,LIG1
TP53,LIG3
TP53,MAPK1
TP53,MCC
TP53,MDM4
TP53,MNAT1
TP53,MYC
TP53,NDRG1
TP53,NFYA
TP53,NPM1
TP53,OGG1
TP53,PAFAH1B3
TP53,PCNA
TP53,PLK1
TP53,PRC1
TP53,PTBP1
TP53,PTTG1
TP53,RUVBL1
TP53,SEC24C
TP53,SLC39A14
TP53,SMAD2
TP53,SMARCB1
TP53,SMYD2
TP53,SPRYD4
TP53,TAF5
TP53,TCF7L2
TP53,TERT
TP53,TP53BP2
TP53,TSG101
TP53,UHRF1
TP53,VIPR1
TP53,XPO1
TP53,YEATS4
TP53,YWHAZ
TP53,ZHX1
TRIM16,SETDB1
TRIM24,CBX1
TSC1,RHEB
TSC1,RPS6KA3
TSC2,CTCF
TSC2,ESR1
TSC2,PRKAA2
TSC2,RHEB
TSC2,SMAD2
TSG101,CEP55
TSG101,PPFIBP2
TSG101,SCAMP3
TSG101,SNF8
TSG101,TTF2
TSG101,VPS37C
TTF2,HNRNPA1
TTF2,HNRNPA2B1
TTF2,KIF4A
TTF2,MATR3
TTF2,TACC3
TYMS,E2F1
TYMS,ESR1
TYMS,TP53
UBE2T,FANCI
UBE2T,NFYC
UGDH,EGR2
UGDH,EGR3
UGP2,E2F1
UGP2,GALE
UGP2,PGM1
UGP2,UGDH
UGT2B15,ADH1A
UGT2B15,UGDH
UHRF1,TOP2A
UPF2,GSPT2
UPF2,ZFP36
UPF3B,GSPT2
UPF3B,SATB2
WASF2,ARF1
WASF2,NFYC
WBP11,C5orf22
WBP11,MCRS1
WDR5,CTCF
WNT1,LRP6
WNT10A,ATF5
WNT10A,CTCF
WNT10A,FZD10
WNT10B,CTCF
WNT10B,FOSB
WNT10B,FZD10
WNT16,CTCF
WNT16,FZD10
WNT16,NFYC
WNT2,ATF5
WNT2B,FOSB
WNT3,LRP6
WNT3A,LRP6
WNT4,EGR1
WNT4,LRP6
WNT5A,EGR2
WNT5A,EGR3
WNT5A,LRP6
WNT5B,LRP6
WNT6,LRP6
WNT7A,LRP6
WNT7B,CTCF
WNT7B,FZD10
WNT7B,ZIC2
WNT8A,CTCF
WNT8A,FZD10
WNT8B,LRP6
WNT9A,LRP6
WNT9B,LRP6
XRCC6,ACD
XRCC6,CCT3
XRCC6,CDCA5
XRCC6,PAFAH1B3
XRCC6,RPLP1
YWHAB,CDC25B
YWHAB,CDC25C
YWHAB,MDM4
YWHAB,RNPS1
YWHAB,ZFP36
YWHAG,CDC25B
YWHAG,CDC25C
YWHAG,MCM5
YWHAG,MDM4
YWHAG,RNPS1
YWHAG,ZFP36
YWHAZ,CDC25B
YWHAZ,CDC25C
YWHAZ,MDM4
YWHAZ,NFYA
YWHAZ,XRCC6
ZFP64,SETDB1
ZHX1,PAFAH1B3
ZHX1,TERF1
ZIC2,ADAMTS1
ZIC2,BUB3
ZIC2,COL4A4
ZIC2,DHX30
ZIC2,ENSA
ZIC2,HPX
ZIC2,KDM6A
ZIC2,LRG1
ZIC2,NDUFA4L2
ZIC2,POLR3F
ZIC2,PPFIBP2
ZIC2,SLC13A4
ZIC2,SSRP1
ZIC2,THOC6
ZIC2,TPD52L1
ZIC2,UBE2A
ZIC2,ZNF189
ZMYND11,BMPR1A
ZNF143,BUB1B
ZNF581,HNRNPC
ZNF7,RPL7
