"","from","to"
"1","TKT","TALDO1"
"2","ACADS","ECHS1"
"3","EHHADH","ACAT1"
"4","ALDH2","ADH1A"
"5","ALDH1B1","ADH1A"
"6","UGT2B15","ADH1A"
"7","ALDH2","ADH1C"
"8","ASS1","ADSS1"
"9","ATIC","ADSS1"
"10","CYP1A2","NAT2"
"11","NAT2","CYP2A6"
"12","NAT2","CYP2A7"
"13","ADSS1","CAD"
"14","DTYMK","TYMS"
"15","ASS1","ASL"
"16","PSPH","SHMT1"
"17","SHMT1","AGXT2"
"18","ACAA2","PCCA"
"19","ACAA1","PCCA"
"20","ALDH2","AOC1"
"21","ALDH1B1","AOC1"
"22","ATIC","FTCD"
"23","SHMT1","FTCD"
"24","FTCD","AMDHD1"
"25","PCCA","ALDH6A1"
"26","SRM","SMS"
"27","UGP2","UGDH"
"28","UGT2B15","UGDH"
"29","LCAT","PEMT"
"30","CYP1A2","CYP2C19"
"31","CYP1A2","CYP2C8"
"32","CYP1A2","CYP2C9"
"33","CYP2A6","CYP2C9"
"34","HAO2","CAT"
"35","SHMT1","MTHFD1"
"36","FTCD","MTHFD1"
"37","FTCD","MTHFD1L"
"38","GCH1","PTS"
"39","ALPL","PTS"
"40","ADH1A","CYP26A1"
"41","CYP1A2","CYP26A1"
"42","CYP2A6","CYP26A1"
"43","CYP2A7","CYP26A1"
"44","CYP2C8","CYP26A1"
"45","RETSAT","CYP26A1"
"46","FDPS","GGPS1"
"47","ADH1A","GSTA1"
"48","ADH1A","GSTM2"
"49","ADH1A","GSTM4"
"50","ADH1A","GSTP1"
"51","ADH1A","GSTT2"
"52","ADH1A","MGST3"
"53","GAB1","SOS1"
"54","GAB1","GRB2"
"55","SOS1","GRB2"
"56","SOS2","GRB2"
"57","GAB1","SHC2"
"58","SOS1","SHC2"
"59","GRB2","SHC2"
"60","GAB1","SHC4"
"61","SOS1","SHC4"
"62","GRB2","SHC4"
"63","GAB1","SHC3"
"64","SOS1","SHC3"
"65","GRB2","SHC3"
"66","SOS1","SHC1"
"67","GRB2","SHC1"
"68","MTOR","PRKCA"
"69","MTOR","PRKCB"
"70","MTOR","PRKCG"
"71","MTOR","AKT1"
"72","GRB2","MAP2K1"
"73","PRKCB","ARAF"
"74","PRKCG","ARAF"
"75","MAP2K1","ARAF"
"76","FDPS","HRAS"
"77","SOS1","HRAS"
"78","SOS2","HRAS"
"79","PRKCB","HRAS"
"80","PRKCG","HRAS"
"81","MAP2K1","HRAS"
"82","ARAF","HRAS"
"83","ARAF","KRAS"
"84","MAP2K1","NRAS"
"85","ARAF","NRAS"
"86","SOS1","BCL2L1"
"87","SOS2","BCL2L1"
"88","MTOR","IGF1"
"89","TGFA","EGFR"
"90","SOS1","EGFR"
"91","GRB2","EGFR"
"92","SHC2","EGFR"
"93","MAP2K1","EGFR"
"94","HRAS","EGFR"
"95","HGF","EGFR"
"96","IGF1","EGFR"
"97","PDGFD","EGFR"
"98","MTOR","PIK3CA"
"99","GAB1","PIK3CA"
"100","RAF1","PIK3CA"
"101","HRAS","PIK3CA"
"102","NRAS","PIK3CA"
"103","EGFR","PIK3CA"
"104","MTOR","PIK3CB"
"105","RAF1","PIK3CB"
"106","HRAS","PIK3CB"
"107","MTOR","PIK3CD"
"108","RAF1","PIK3CD"
"109","HRAS","PIK3CD"
"110","MTOR","PIK3R1"
"111","HRAS","PIK3R1"
"112","MTOR","PIK3R2"
"113","RAF1","PIK3R2"
"114","HRAS","PIK3R2"
"115","MTOR","PIK3R3"
"116","HRAS","PIK3R3"
"117","PCYT1A","MAPK10"
"118","BCL2L1","MAPK10"
"119","CYP8B1","TP53"
"120","PNP","TP53"
"121","TYMS","TP53"
"122","PIP4K2B","TP53"
"123","GSTM4","TP53"
"124","GSTP1","TP53"
"125","TGFA","TP53"
"126","SHC1","TP53"
"127","AKT1","TP53"
"128","HRAS","TP53"
"129","BCL2L1","TP53"
"130","EGFR","TP53"
"131","PIK3CA","TP53"
"132","MAPK10","TP53"
"133","TP53","CDKN2A"
"134","TP53","CDKN2C"
"135","AKT3","CDKN1A"
"136","AKT1","CDKN1A"
"137","TP53","CDKN1A"
"138","SOS1","CCND1"
"139","SOS2","CCND1"
"140","TP53","CCND1"
"141","CDKN2A","CCND1"
"142","CDKN2C","CCND1"
"143","CDKN1A","CCND1"
"144","TP53","CDK4"
"145","CDKN2A","CDK4"
"146","CDKN2C","CDK4"
"147","CDKN1A","CDK4"
"148","CCND1","CDK4"
"149","PRKCB","RB1"
"150","IGF1","RB1"
"151","PIK3R3","RB1"
"152","TP53","RB1"
"153","CDKN1A","RB1"
"154","CCND1","RB1"
"155","CDK4","RB1"
"156","GRB2","IGF1R"
"157","SHC2","IGF1R"
"158","MAP2K1","IGF1R"
"159","HRAS","IGF1R"
"160","IGF1","IGF1R"
"161","PIK3CA","IGF1R"
"162","TP53","IGF1R"
"163","AKT3","BAD"
"164","AKT1","BAD"
"165","BCL2L1","BAD"
"166","HRAS","PDPK1"
"167","NRAS","PDPK1"
"168","PIK3CA","PDPK1"
"169","PIK3CB","PDPK1"
"170","PIK3CD","PDPK1"
"171","PIK3R1","PDPK1"
"172","PIK3R2","PDPK1"
"173","PIK3R3","PDPK1"
"174","PCYT1A","MAPK1"
"175","MAP2K2","MAPK1"
"176","PCYT1A","MAPK3"
"177","IGF1","MAPK3"
"178","TP53","MAPK3"
"179","CCND1","MAPK3"
"180","CDK4","MAPK3"
"181","BAD","MAPK3"
"182","MAP2K1","PPP2CB"
"183","MAP2K1","PPP2R1A"
"184","AKT3","PPP2R5A"
"185","TP53","BRCA2"
"186","BRCA2","FANCD2"
"187","BRCA2","FANCG"
"188","MAPK3","ELK4"
"189","SMS","ELK1"
"190","GRB2","ELK1"
"191","SHC1","ELK1"
"192","PRKCB","ELK1"
"193","PRKCG","ELK1"
"194","MAP2K1","ELK1"
"195","NRAS","ELK1"
"196","BCL2L1","ELK1"
"197","PIK3R1","ELK1"
"198","MAPK10","ELK1"
"199","CCND1","ELK1"
"200","MAPK3","ELK1"
"201","ELK4","ELK1"
"202","TP53","GADD45G"
"203","TP53","GADD45A"
"204","TP53","GADD45B"
"205","TP53","MAPKAPK5"
"206","PIK3CA","RAC1"
"207","PIK3CB","RAC1"
"208","PIK3CD","RAC1"
"209","PIK3R1","RAC1"
"210","PIK3R2","RAC1"
"211","PIK3R3","RAC1"
"212","ELK1","RAC1"
"213","IL1RAP","MYD88"
"214","GRB2","MET"
"215","SHC2","MET"
"216","HRAS","MET"
"217","HGF","MET"
"218","PIK3CA","MET"
"219","TP53","MET"
"220","GRB2","NGFR"
"221","SHC2","NGFR"
"222","SOS1","PDGFRA"
"223","GRB2","PDGFRA"
"224","SHC2","PDGFRA"
"225","HRAS","PDGFRA"
"226","PDGFD","PDGFRA"
"227","PIK3CA","PDGFRA"
"228","PRKCA","PLCB1"
"229","PRKCB","PLCB1"
"230","EGFR","PLCB1"
"231","IGF1R","PLCB1"
"232","MET","PLCB1"
"233","NGFR","PLCB1"
"234","PDGFRA","PLCB1"
"235","GNA14","PLCB1"
"236","PRKCA","PLCG1"
"237","PRKCB","PLCG1"
"238","EGFR","PLCG1"
"239","PIK3CA","PLCG1"
"240","PIK3CB","PLCG1"
"241","PIK3CD","PLCG1"
"242","PIK3R1","PLCG1"
"243","PIK3R2","PLCG1"
"244","PIK3R3","PLCG1"
"245","IGF1R","PLCG1"
"246","MET","PLCG1"
"247","PDGFRA","PLCG1"
"248","PRKCA","PLCG2"
"249","PRKCB","PLCG2"
"250","PIK3CA","HOMER1"
"251","TGFB2","TGFBR1"
"252","TGFB3","TGFBR1"
"253","TGFB2","TGFBR2"
"254","TGFB3","TGFBR2"
"255","TGFBR1","TGFBR2"
"256","AKT1","SMAD4"
"257","NRAS","SMAD4"
"258","CDKN1A","SMAD4"
"259","MAPK3","SMAD4"
"260","GADD45B","SMAD4"
"261","TGFBR1","SMAD4"
"262","RB1","DGKZ"
"263","ELK1","DGKZ"
"264","TGFB2","AGTR1"
"265","PLCB1","AGTR1"
"266","AKT1","TSC1"
"267","AKT3","TSC2"
"268","AKT1","TSC2"
"269","TP53","TSC2"
"270","MAPK3","TSC2"
"271","ELK1","TSC2"
"272","MTOR","RHEB"
"273","TSC1","RHEB"
"274","TSC2","RHEB"
"275","GADD45G","CDK1"
"276","TP53","PCNA"
"277","CDK4","PCNA"
"278","RB1","PCNA"
"279","GADD45G","PCNA"
"280","GADD45A","PCNA"
"281","GADD45B","PCNA"
"282","TP53","PLK1"
"283","BRCA2","PLK1"
"284","ARAF","YWHAB"
"285","ARAF","YWHAG"
"286","ARAF","YWHAZ"
"287","TP53","YWHAZ"
"288","TP53","PRKDC"
"289","PLK1","CDC25B"
"290","YWHAB","CDC25B"
"291","YWHAG","CDC25B"
"292","YWHAZ","CDC25B"
"293","TP53","CDC25C"
"294","YWHAB","CDC25C"
"295","YWHAG","CDC25C"
"296","YWHAZ","CDC25C"
"297","ELK1","CDC45"
"298","ORC6","CDC6"
"299","AKT1","GSK3B"
"300","IGF1","GSK3B"
"301","TP53","GSK3B"
"302","CCND1","GSK3B"
"303","TP53","CCNB1"
"304","PLK1","CCNB1"
"305","TP53","CCNB2"
"306","PLK1","CCNB2"
"307","TP53","CCNA2"
"308","CDKN1A","CCNA2"
"309","RB1","CCNA2"
"310","BRCA2","CCNA2"
"311","CDC6","CCNA2"
"312","TYMS","E2F4"
"313","DUT","E2F4"
"314","SMS","E2F4"
"315","PIP4K2B","E2F4"
"316","MTHFD1","E2F4"
"317","GCH1","E2F4"
"318","TP53","E2F4"
"319","CCND1","E2F4"
"320","RB1","E2F4"
"321","IGF1R","E2F4"
"322","FANCC","E2F4"
"323","FANCF","E2F4"
"324","GADD45A","E2F4"
"325","PLCG1","E2F4"
"326","TGFBR1","E2F4"
"327","SMAD4","E2F4"
"328","ORC1","E2F4"
"329","PCNA","E2F4"
"330","PLK1","E2F4"
"331","PRKDC","E2F4"
"332","CDC45","E2F4"
"333","CDC6","E2F4"
"334","CCNB1","E2F4"
"335","CCNA2","E2F4"
"336","PIP4K2B","E2F5"
"337","GCH1","E2F5"
"338","TP53","E2F5"
"339","RB1","E2F5"
"340","IGF1R","E2F5"
"341","FANCF","E2F5"
"342","TGFBR1","E2F5"
"343","SMAD4","E2F5"
"344","PCNA","E2F5"
"345","CDC6","E2F5"
"346","TALDO1","E2F1"
"347","PDE7A","E2F1"
"348","CAD","E2F1"
"349","TYMS","E2F1"
"350","DUT","E2F1"
"351","AMDHD1","E2F1"
"352","SMS","E2F1"
"353","PIP4K2B","E2F1"
"354","MTHFD1","E2F1"
"355","MTHFD1L","E2F1"
"356","GCH1","E2F1"
"357","GSTM2","E2F1"
"358","GSTT2","E2F1"
"359","MGST3","E2F1"
"360","GMPS","E2F1"
"361","EGFR","E2F1"
"362","TP53","E2F1"
"363","CDKN2A","E2F1"
"364","CDKN2C","E2F1"
"365","CDKN1A","E2F1"
"366","CCND1","E2F1"
"367","CDK4","E2F1"
"368","RB1","E2F1"
"369","IGF1R","E2F1"
"370","UPF3B","E2F1"
"371","FANCC","E2F1"
"372","FANCF","E2F1"
"373","UBE2T","E2F1"
"374","TGFB2","E2F1"
"375","RAC1","E2F1"
"376","RALGAPB","E2F1"
"377","ENAH","E2F1"
"378","TGFBR1","E2F1"
"379","TSC1","E2F1"
"380","PCNA","E2F1"
"381","PLK1","E2F1"
"382","PRKDC","E2F1"
"383","CDC45","E2F1"
"384","CDC6","E2F1"
"385","GSK3B","E2F1"
"386","CCNB1","E2F1"
"387","CCNA2","E2F1"
"388","CDK7","E2F1"
"389","E2F4","E2F1"
"390","E2F5","E2F1"
"391","AMDHD1","E2F2"
"392","SMS","E2F2"
"393","PIP4K2B","E2F2"
"394","GCH1","E2F2"
"395","GGPS1","E2F2"
"396","TP53","E2F2"
"397","CDKN2C","E2F2"
"398","RB1","E2F2"
"399","IGF1R","E2F2"
"400","FANCF","E2F2"
"401","TGFB2","E2F2"
"402","ENAH","E2F2"
"403","TGFBR1","E2F2"
"404","PCNA","E2F2"
"405","CDC45","E2F2"
"406","CDC6","E2F2"
"407","CCNA2","E2F2"
"408","E2F4","E2F2"
"409","E2F1","E2F2"
"410","SMS","E2F3"
"411","GCH1","E2F3"
"412","GGPS1","E2F3"
"413","TP53","E2F3"
"414","CDKN1A","E2F3"
"415","RB1","E2F3"
"416","IGF1R","E2F3"
"417","TGFBR1","E2F3"
"418","PCNA","E2F3"
"419","PLK1","E2F3"
"420","CDC45","E2F3"
"421","CDC6","E2F3"
"422","CCNB1","E2F3"
"423","CCNA2","E2F3"
"424","E2F4","E2F3"
"425","E2F5","E2F3"
"426","E2F1","E2F3"
"427","E2F2","E2F3"
"428","EGFR","HDAC1"
"429","TP53","HDAC1"
"430","CDKN2A","HDAC1"
"431","CDKN1A","HDAC1"
"432","CCND1","HDAC1"
"433","RB1","HDAC1"
"434","BRCA2","HDAC1"
"435","PCNA","HDAC1"
"436","E2F1","HDAC1"
"437","CAD","HDAC2"
"438","IGF1","HDAC2"
"439","TP53","HDAC2"
"440","CDKN1A","HDAC2"
"441","RB1","HDAC2"
"442","TGFBR2","HDAC2"
"443","HDAC1","HDAC2"
"444","CCNB2","ANAPC7"
"445","TP53","ANAPC11"
"446","CCNB2","ANAPC11"
"447","CCNB2","CDC23"
"448","CCNB2","CDC20"
"449","HDAC1","CDC20"
"450","HDAC2","CDC20"
"451","CDC25C","PPP1CC"
"452","IGF1","IGFBP3"
"453","TP53","IGFBP3"
"454","E2F4","IGFBP3"
"455","E2F5","IGFBP3"
"456","E2F1","IGFBP3"
"457","E2F2","IGFBP3"
"458","E2F3","IGFBP3"
"459","HDAC1","IGFBP3"
"460","EGFR","NEDD4L"
"461","EGFR","SH3GLB2"
"462","EHD3","RBSN"
"463","E2F1","DYNC1I2"
"464","MTOR","RRAGC"
"465","TSC1","RPS6KA3"
"466","MTOR","PRKAA2"
"467","TSC2","PRKAA2"
"468","TP53","WNT3"
"469","E2F4","WNT5A"
"470","E2F1","WNT5A"
"471","E2F2","WNT5A"
"472","E2F3","WNT5A"
"473","E2F1","FZD1"
"474","ELK1","FZD4"
"475","E2F4","FZD9"
"476","E2F5","FZD9"
"477","E2F1","FZD9"
"478","E2F2","FZD9"
"479","E2F3","FZD9"
"480","WNT16","LRP6"
"481","WNT4","LRP6"
"482","WNT1","LRP6"
"483","WNT2","LRP6"
"484","WNT3","LRP6"
"485","WNT5A","LRP6"
"486","WNT6","LRP6"
"487","WNT7A","LRP6"
"488","WNT7B","LRP6"
"489","WNT8A","LRP6"
"490","WNT8B","LRP6"
"491","WNT10B","LRP6"
"492","WNT9A","LRP6"
"493","WNT9B","LRP6"
"494","WNT10A","LRP6"
"495","WNT5B","LRP6"
"496","WNT3A","LRP6"
"497","FZD2","LRP6"
"498","FZD1","LRP6"
"499","FZD4","LRP6"
"500","FZD6","LRP6"
"501","FZD7","LRP6"
"502","FZD9","LRP6"
"503","RAC1","DVL1"
"504","LRP6","DVL1"
"505","LRP5","DVL1"
"506","TP53","DVL2"
"507","RAC1","DVL2"
"508","GSK3B","DVL2"
"509","RAC1","DVL3"
"510","MTOR","RPS6KB1"
"511","AKT3","RPS6KB1"
"512","AKT1","RPS6KB1"
"513","AKT2","RPS6KB1"
"514","PDPK1","RPS6KB1"
"515","MAPK1","RPS6KB1"
"516","MAPK3","RPS6KB1"
"517","PPP2CB","RPS6KB1"
"518","PPP2R1A","RPS6KB1"
"519","E2F1","RPS6KB1"
"520","E2F2","RPS6KB1"
"521","AKT3","HSP90AA1"
"522","TP53","HSP90AA1"
"523","AKT3","HSP90AB1"
"524","TP53","HSP90AB1"
"525","PRKCA","PTK2"
"526","PRKCG","PTK2"
"527","AKT3","PTK2"
"528","PIK3CB","PTK2"
"529","PIK3CD","PTK2"
"530","PIK3R2","PTK2"
"531","PIK3R3","PTK2"
"532","MET","PTK2"
"533","PDGFRA","PTK2"
"534","RAC1","TLR4"
"535","MYD88","TLR4"
"536","CD14","TLR4"
"537","MTOR","PRKAB1"
"538","TP53","PRKAB1"
"539","MTOR","PRKAB2"
"540","MTOR","PRKAG1"
"541","TP53","ELAVL1"
"542","CCND1","ELAVL1"
"543","ELK1","ELAVL1"
"544","PRKAA2","ELAVL1"
"545","PRKAB1","ELAVL1"
"546","PRKAB2","ELAVL1"
"547","PRKAG1","ELAVL1"
"548","PRKAG2","ADRA1A"
"549","CYP1A2","FOS"
"550","SIRT7","FOS"
"551","GSTM4","FOS"
"552","GSTP1","FOS"
"553","SOS2","FOS"
"554","SHC4","FOS"
"555","SHC3","FOS"
"556","SHC1","FOS"
"557","PRKCB","FOS"
"558","PRKCG","FOS"
"559","HRAS","FOS"
"560","NRAS","FOS"
"561","BCL2L1","FOS"
"562","MAPK10","FOS"
"563","TP53","FOS"
"564","CDKN1A","FOS"
"565","CCND1","FOS"
"566","CDK4","FOS"
"567","RB1","FOS"
"568","MAPK3","FOS"
"569","PPP2R5A","FOS"
"570","ELK4","FOS"
"571","ELK1","FOS"
"572","GADD45B","FOS"
"573","TGFBR2","FOS"
"574","SMAD4","FOS"
"575","HDAC1","FOS"
"576","HDAC2","FOS"
"577","IGFBP3","FOS"
"578","NEDD4L","FOS"
"579","RILP","FOS"
"580","DYNC1I2","FOS"
"581","WNT10B","FOS"
"582","DVL2","FOS"
"583","HSP90AB1","FOS"
"584","TLR4","FOS"
"585","ADRA1A","FOS"
"586","CCND1","CDK6"
"587","E2F1","CDK6"
"588","TP53","CCNE1"
"589","CDKN1A","CCNE1"
"590","RB1","CCNE1"
"591","BRCA2","CCNE1"
"592","E2F1","CCNE1"
"593","E2F2","CCNE1"
"594","E2F3","CCNE1"
"595","HDAC2","CCNE1"
"596","MAP2K1","PRKCD"
"597","ARAF","PRKCD"
"598","PIK3CA","PRKCD"
"599","PIK3CB","PRKCD"
"600","PIK3CD","PRKCD"
"601","PIK3R2","PRKCD"
"602","PIK3R3","PRKCD"
"603","MAPK1","PRKCD"
"604","PLCG1","PRKCD"
"605","PLCG2","PRKCD"
"606","GSTM4","TLE1"
"607","CDKN2C","TLE1"
"608","CCND1","LEF1"
"609","SMAD4","LEF1"
"610","CCND1","TCF7"
"611","TP53","TCF7L1"
"612","CCND1","TCF7L1"
"613","SMAD4","TCF7L1"
"614","LEF1","TCF7L1"
"615","TCF7","RUVBL1"
"616","TCF7L1","RUVBL1"
"617","GSK3B","CSNK1A1L"
"618","TP53","CSNK1A1"
"619","ELK1","CSNK1A1"
"620","GSK3B","APC2"
"621","TCF7","APC2"
"622","CSNK1A1L","APC2"
"623","PPP2R5A","APC"
"624","GSK3B","APC"
"625","DVL2","APC"
"626","LEF1","APC"
"627","TCF7","APC"
"628","CSNK1A1L","APC"
"629","AKT1","CTNNB1"
"630","EGFR","CTNNB1"
"631","PIK3R1","CTNNB1"
"632","TP53","CTNNB1"
"633","CCND1","CTNNB1"
"634","RB1","CTNNB1"
"635","IGF1R","CTNNB1"
"636","TGFBR1","CTNNB1"
"637","SMAD4","CTNNB1"
"638","PLK1","CTNNB1"
"639","GSK3B","CTNNB1"
"640","E2F4","CTNNB1"
"641","E2F5","CTNNB1"
"642","E2F1","CTNNB1"
"643","E2F2","CTNNB1"
"644","E2F3","CTNNB1"
"645","FZD2","CTNNB1"
"646","FZD1","CTNNB1"
"647","FZD4","CTNNB1"
"648","FZD6","CTNNB1"
"649","FZD9","CTNNB1"
"650","CDK6","CTNNB1"
"651","LEF1","CTNNB1"
"652","TCF7","CTNNB1"
"653","TCF7L1","CTNNB1"
"654","RUVBL1","CTNNB1"
"655","CSNK1A1L","CTNNB1"
"656","CSNK1A1","CTNNB1"
"657","APC2","CTNNB1"
"658","APC","CTNNB1"
"659","WNT16","SFRP5"
"660","AKT1","SMAD2"
"661","TP53","SMAD2"
"662","CDKN1A","SMAD2"
"663","CDK4","SMAD2"
"664","MAPK3","SMAD2"
"665","PPP2R1A","SMAD2"
"666","HGS","SMAD2"
"667","RAN","SMAD2"
"668","TGFB2","SMAD2"
"669","TGFB3","SMAD2"
"670","TGFBR1","SMAD2"
"671","TGFBR2","SMAD2"
"672","SMAD4","SMAD2"
"673","TSC2","SMAD2"
"674","E2F4","SMAD2"
"675","E2F5","SMAD2"
"676","HDAC1","SMAD2"
"677","DYNC1H1","SMAD2"
"678","LEF1","SMAD2"
"679","CTNNB1","SMAD2"
"680","AKT1","SMAD3"
"681","BCL2L1","SMAD3"
"682","TP53","SMAD3"
"683","CDKN1A","SMAD3"
"684","CDK4","SMAD3"
"685","MAPK3","SMAD3"
"686","PPP2R1A","SMAD3"
"687","HGS","SMAD3"
"688","BRCA2","SMAD3"
"689","GADD45B","SMAD3"
"690","TGFB2","SMAD3"
"691","TGFB3","SMAD3"
"692","TGFBR1","SMAD3"
"693","TGFBR2","SMAD3"
"694","SMAD4","SMAD3"
"695","TSC2","SMAD3"
"696","E2F4","SMAD3"
"697","E2F5","SMAD3"
"698","FOS","SMAD3"
"699","LEF1","SMAD3"
"700","CTNNB1","SMAD3"
"701","SMAD2","SMAD3"
"702","IGF1","DCN"
"703","TGFB1","DCN"
"704","ELK1","PARD3"
"705","SMAD4","PARD3"
"706","GSK3B","PARD3"
"707","E2F4","PARD3"
"708","E2F5","PARD3"
"709","E2F1","PARD3"
"710","E2F2","PARD3"
"711","E2F3","PARD3"
"712","SMAD2","PARD3"
"713","SMAD3","PARD3"
"714","SHC2","FYN"
"715","PIK3CA","FYN"
"716","RAC1","FYN"
"717","FCER1A","FYN"
"718","TP53","FRMD6"
"719","ELK1","ACTB"
"720","ENAH","ACTB"
"721","SMAD3","ACTB"
"722","ELK1","ACTG1"
"723","E2F4","ACTG1"
"724","PRKAG2","BMP8A"
"725","E2F4","RASSF4"
"726","E2F1","RASSF4"
"727","PIP4K2B","PTEN"
"728","TP53","PTEN"
"729","ROCK2","PTEN"
"730","TCF7L2","CSNK2A1"
"731","RAC1","WASF2"
"732","FOS","WASF2"
"733","ACTB","WASF2"
"734","ACTB","ARPC1A"
"735","LEF1","AXIN1"
"736","TCF7","AXIN1"
"737","TCF7L2","AXIN1"
"738","TCF7L1","AXIN1"
"739","CSNK1A1L","AXIN1"
"740","APC2","AXIN1"
"741","APC","AXIN1"
"742","CTNNB1","AXIN1"
"743","SMAD2","AXIN1"
"744","SMAD3","AXIN1"
"745","TP53","AXIN2"
"746","LEF1","AXIN2"
"747","TCF7","AXIN2"
"748","CSNK1A1L","AXIN2"
"749","APC2","AXIN2"
"750","APC","AXIN2"
"751","CTNNB1","AXIN2"
"752","SMAD3","AXIN2"
"753","PIK3CA","ITGA2"
"754","PTK2","ITGA2"
"755","FOS","ITGA2"
"756","ACTB","ITGA2"
"757","HLA-A","HLA-B"
"758","HLA-A","HLA-C"
"759","TP53","PKN1"
"760","PIK3CA","GNB1"
"761","RAC1","GNB1"
"762","PLCB1","GNB1"
"763","FOS","KDM3B"
"764","HRAS","CAMK2B"
"765","E2F4","CAMK2B"
"766","E2F5","CAMK2B"
"767","E2F1","CAMK2B"
"768","E2F2","CAMK2B"
"769","E2F3","CAMK2B"
"770","AKT3","C7"
"771","AKT3","C8A"
"772","UGT2B15","ESR1"
"773","CAD","ESR1"
"774","TYMS","ESR1"
"775","CYP2C19","ESR1"
"776","TGFA","ESR1"
"777","SOS1","ESR1"
"778","GRB2","ESR1"
"779","SHC1","ESR1"
"780","AKT1","ESR1"
"781","IGF1","ESR1"
"782","EGFR","ESR1"
"783","PIK3CA","ESR1"
"784","PIK3R3","ESR1"
"785","MAPK10","ESR1"
"786","TP53","ESR1"
"787","CDKN1A","ESR1"
"788","CCND1","ESR1"
"789","CDK4","ESR1"
"790","IGF1R","ESR1"
"791","MAPK3","ESR1"
"792","BRCA2","ESR1"
"793","GADD45G","ESR1"
"794","GADD45A","ESR1"
"795","PLCG1","ESR1"
"796","SMAD4","ESR1"
"797","TSC2","ESR1"
"798","CDC25B","ESR1"
"799","CCNA2","ESR1"
"800","CDK7","ESR1"
"801","E2F1","ESR1"
"802","HDAC1","ESR1"
"803","RPS6KA3","ESR1"
"804","WNT7A","ESR1"
"805","WNT10A","ESR1"
"806","HSP90AA1","ESR1"
"807","HSP90AB1","ESR1"
"808","FOS","ESR1"
"809","LEF1","ESR1"
"810","CTNNB1","ESR1"
"811","SMAD2","ESR1"
"812","SMAD3","ESR1"
"813","PARD3","ESR1"
"814","ITGA2","ESR1"
"815","CDKN2C","RBBP5"
"816","RB1","RBBP5"
"817","LCAT","APOA1"
"818","ESR1","APOA1"
"819","E2F1","KEAP1"
"820","CCND1","CREB3L4"
"821","GSK3B","CREB3L4"
"822","E2F1","CREB3L4"
"823","CCND1","CREB3L2"
"824","WASF2","ARF1"
"825","ACTB","MYO10"
"826","ELK1","RALA"
"827","RGL1","RALA"
"828","RALGAPB","RALA"
"829","SMAD4","RALA"
"830","EXOC2","RALA"
"831","AKT3","RHOB"
"832","HDAC1","RHOB"
"833","PRKCB","FCGR3B"
"834","TP53","LAMA4"
"835","SMAD3","LAMC1"
"836","TP53","TERT"
"837","E2F4","TERT"
"838","E2F1","TERT"
"839","HDAC1","TERT"
"840","TCF7","TERT"
"841","RUVBL1","TERT"
"842","CTNNB1","TERT"
"843","SMAD3","TERT"
"844","ESR1","TERT"
"845","EGFR","ATP6V1F"
"846","E2F4","MAD2L1"
"847","CDC20","MAD2L1"
"848","TP53","ETS2"
"849","CDKN2A","ETS2"
"850","CDKN1A","ETS2"
"851","CCND1","ETS2"
"852","MAPK3","ETS2"
"853","TGFBR2","ETS2"
"854","FOS","ETS2"
"855","TERT","ETS2"
"856","PTK2","ITGA6"
"857","ACTB","ITGA6"
"858","LAMB4","ITGA6"
"859","LAMA2","ITGA6"
"860","LAMA4","ITGA6"
"861","LAMC1","ITGA6"
"862","TP53","IGF2"
"863","IGF1R","IGF2"
"864","E2F4","IGF2"
"865","E2F5","IGF2"
"866","E2F1","IGF2"
"867","E2F2","IGF2"
"868","E2F3","IGF2"
"869","E2F4","CKS1B"
"870","FOS","CKS1B"
"871","E2F4","CKS2"
"872","SDHB","NFE2L2"
"873","GSTA1","NFE2L2"
"874","DUSP1","NFE2L2"
"875","PRKCD","NFE2L2"
"876","KEAP1","NFE2L2"
"877","IGF2","GPC3"
"878","MAPK10","MECOM"
"879","ELK1","MECOM"
"880","HDAC1","MECOM"
"881","HDAC2","MECOM"
"882","SMAD3","MECOM"
"883","CCND1","HEY1"
"884","SMAD3","HEY1"
"885","FOS","ARID1B"
"886","E2F5","ARID1A"
"887","E2F1","ARID1A"
"888","SMAD3","ARID1A"
"889","TP53","SMARCB1"
"890","CDKN2A","SMARCB1"
"891","FOS","SMARCB1"
"892","ACTB","SMARCB1"
"893","ACTG1","SMARCB1"
"894","ARID1B","SMARCB1"
"895","ARID1A","SMARCB1"
"896","CCNE1","SMARCC1"
"897","ESR1","SMARCC2"
"898","FOS","SMARCA2"
"899","ESR1","SMARCA2"
"900","ARID1B","SMARCA2"
"901","CAD","SMARCA4"
"902","TP53","SMARCA4"
"903","CDKN2A","SMARCA4"
"904","CDKN1A","SMARCA4"
"905","CCND1","SMARCA4"
"906","E2F4","SMARCA4"
"907","E2F1","SMARCA4"
"908","FOS","SMARCA4"
"909","CTNNB1","SMARCA4"
"910","ACTB","SMARCA4"
"911","ESR1","SMARCA4"
"912","ETS2","SMARCA4"
"913","MECOM","SMARCA4"
"914","ARID1B","SMARCA4"
"915","SMARCB1","SMARCA4"
"916","SMARCC1","SMARCA4"
"917","E2F1","PHF10"
"918","FOS","PHF10"
"919","SMARCB1","PHF10"
"920","TP53","ACTL6B"
"921","KDM3B","ACTL6B"
"922","SMARCA2","ACTL6B"
"923","RUVBL1","ACTL6A"
"924","SMARCA2","ACTL6A"
"925","SMARCA4","ACTL6A"
"926","TP53","SMARCD1"
"927","FOS","SMARCD1"
"928","SMARCB1","SMARCD1"
"929","SMARCB1","SMARCD2"
"930","SMARCB1","SMARCD3"
"931","SMARCC1","SMARCD3"
"932","E2F4","SMARCE1"
"933","E2F1","SMARCE1"
"934","ACTB","ITGB8"
"935","ESR1","ITGB8"
"936","RAC1","ABL2"
"937","TP53","AATF"
"938","CDKN1A","AATF"
"939","B4GALT3","ATF5"
"940","PIP4K2B","ATF5"
"941","PCYT1A","ATF5"
"942","SHC3","ATF5"
"943","MAP2K1","ATF5"
"944","DUSP1","ATF5"
"945","HOMER1","ATF5"
"946","E2F4","ATF5"
"947","E2F5","ATF5"
"948","E2F1","ATF5"
"949","E2F2","ATF5"
"950","E2F3","ATF5"
"951","WNT2","ATF5"
"952","WNT10A","ATF5"
"953","LRP6","ATF5"
"954","ELAVL1","ATF5"
"955","CSNK1A1","ATF5"
"956","SMARCD1","ATF5"
"957","TP53","BARD1"
"958","E2F4","BARD1"
"959","ESR1","BARD1"
"960","CSNK2A1","BDP1"
"961","AKT1","BRCA1"
"962","IGF1","BRCA1"
"963","EGFR","BRCA1"
"964","TP53","BRCA1"
"965","CDKN1A","BRCA1"
"966","CCND1","BRCA1"
"967","CDK4","BRCA1"
"968","RB1","BRCA1"
"969","IGF1R","BRCA1"
"970","BRCA2","BRCA1"
"971","FANCD2","BRCA1"
"972","ELK4","BRCA1"
"973","ELK1","BRCA1"
"974","GADD45A","BRCA1"
"975","SMAD4","BRCA1"
"976","PCNA","BRCA1"
"977","CCNB1","BRCA1"
"978","CCNA2","BRCA1"
"979","CDK7","BRCA1"
"980","E2F4","BRCA1"
"981","E2F1","BRCA1"
"982","HDAC1","BRCA1"
"983","HDAC2","BRCA1"
"984","FOS","BRCA1"
"985","SMAD2","BRCA1"
"986","SMAD3","BRCA1"
"987","ESR1","BRCA1"
"988","MAD2L1","BRCA1"
"989","ETS2","BRCA1"
"990","SMARCA2","BRCA1"
"991","SMARCA4","BRCA1"
"992","BARD1","BRCA1"
"993","TP53","BRD7"
"994","E2F4","BRD7"
"995","E2F5","BRD7"
"996","E2F1","BRD7"
"997","E2F2","BRD7"
"998","E2F3","BRD7"
"999","DVL1","BRD7"
"1000","LAMA4","BRD7"
"1001","BARD1","BRD7"
"1002","ABL2","BTF3"
"1003","NAMPT","CLOCK"
"1004","FOS","CLOCK"
"1005","SMAD4","DACH1"
"1006","MAT1A","DNMT1"
"1007","TP53","DNMT1"
"1008","CDKN2A","DNMT1"
"1009","RB1","DNMT1"
"1010","PCNA","DNMT1"
"1011","E2F4","DNMT1"
"1012","E2F5","DNMT1"
"1013","E2F1","DNMT1"
"1014","E2F2","DNMT1"
"1015","E2F3","DNMT1"
"1016","HDAC1","DNMT1"
"1017","HDAC2","DNMT1"
"1018","APC","DNMT1"
"1019","ESR1","DNMT1"
"1020","TERT","DNMT1"
"1021","CDKN2A","DNMT3A"
"1022","CDKN1A","DNMT3A"
"1023","RB1","DNMT3A"
"1024","HDAC1","DNMT3A"
"1025","IGFBP3","DNMT3A"
"1026","SFRP5","DNMT3A"
"1027","ESR1","DNMT3A"
"1028","DNMT1","DNMT3A"
"1029","CCND1","E2F8"
"1030","E2F1","E2F8"
"1031","PDE7A","EGR1"
"1032","PCCA","EGR1"
"1033","SMS","EGR1"
"1034","ALPL","EGR1"
"1035","GPHN","EGR1"
"1036","GSTM4","EGR1"
"1037","MGST3","EGR1"
"1038","SOS1","EGR1"
"1039","SOS2","EGR1"
"1040","GRB2","EGR1"
"1041","PRKCB","EGR1"
"1042","AKT1","EGR1"
"1043","HRAS","EGR1"
"1044","EGFR","EGR1"
"1045","PIK3R1","EGR1"
"1046","TP53","EGR1"
"1047","CDKN2A","EGR1"
"1048","CDKN2C","EGR1"
"1049","CDKN1A","EGR1"
"1050","CCND1","EGR1"
"1051","CDK4","EGR1"
"1052","RB1","EGR1"
"1053","IGF1R","EGR1"
"1054","BAD","EGR1"
"1055","PDPK1","EGR1"
"1056","MAPK3","EGR1"
"1057","PPP2R5A","EGR1"
"1058","FANCC","EGR1"
"1059","ELK1","EGR1"
"1060","GADD45B","EGR1"
"1061","RGL1","EGR1"
"1062","PLCG1","EGR1"
"1063","TGFBR1","EGR1"
"1064","TGFBR2","EGR1"
"1065","DGKZ","EGR1"
"1066","YWHAZ","EGR1"
"1067","E2F3","EGR1"
"1068","HDAC1","EGR1"
"1069","NEDD4L","EGR1"
"1070","SH3GLB2","EGR1"
"1071","WNT4","EGR1"
"1072","WNT5A","EGR1"
"1073","FZD7","EGR1"
"1074","FZD9","EGR1"
"1075","HSP90AB1","EGR1"
"1076","PRKAG1","EGR1"
"1077","FOS","EGR1"
"1078","CDK6","EGR1"
"1079","LEF1","EGR1"
"1080","CSNK1A1","EGR1"
"1081","CTNNB1","EGR1"
"1082","SMAD3","EGR1"
"1083","ACTB","EGR1"
"1084","ACTG1","EGR1"
"1085","ARPC1A","EGR1"
"1086","APOA1","EGR1"
"1087","KEAP1","EGR1"
"1088","HDAC6","EGR1"
"1089","CREB3L4","EGR1"
"1090","CREB3L2","EGR1"
"1091","MYO10","EGR1"
"1092","ATP6V1F","EGR1"
"1093","ETS2","EGR1"
"1094","IGF2","EGR1"
"1095","NFE2L2","EGR1"
"1096","SMARCA4","EGR1"
"1097","ACTL6B","EGR1"
"1098","ITGB8","EGR1"
"1099","ATF5","EGR1"
"1100","BRCA1","EGR1"
"1101","UGDH","EGR2"
"1102","MAP2K2","EGR2"
"1103","PIK3R1","EGR2"
"1104","CDKN2C","EGR2"
"1105","SMG7","EGR2"
"1106","PPP2R5A","EGR2"
"1107","RRAGC","EGR2"
"1108","PRKAA2","EGR2"
"1109","WNT5A","EGR2"
"1110","FZD3","EGR2"
"1111","FZD9","EGR2"
"1112","PRKAG1","EGR2"
"1113","FOS","EGR2"
"1114","CCNE1","EGR2"
"1115","PRKCD","EGR2"
"1116","LEF1","EGR2"
"1117","FRMD6","EGR2"
"1118","GNB1","EGR2"
"1119","CAMK2B","EGR2"
"1120","ESR1","EGR2"
"1121","MYO10","EGR2"
"1122","DYNLL1","EGR2"
"1123","DCTN2","EGR2"
"1124","ATP6V1F","EGR2"
"1125","IGF2","EGR2"
"1126","CAMK1","EGR2"
"1127","SMARCD2","EGR2"
"1128","EGR1","EGR2"
"1129","TKT","EGR3"
"1130","UGDH","EGR3"
"1131","PIK3R1","EGR3"
"1132","CDKN2C","EGR3"
"1133","PPP2CB","EGR3"
"1134","DGKZ","EGR3"
"1135","RRAGC","EGR3"
"1136","RPS6KA3","EGR3"
"1137","PRKAA2","EGR3"
"1138","WNT5A","EGR3"
"1139","FZD9","EGR3"
"1140","LRP5","EGR3"
"1141","CCNE1","EGR3"
"1142","PRKCD","EGR3"
"1143","FRMD6","EGR3"
"1144","ACTB","EGR3"
"1145","ACTG1","EGR3"
"1146","CAMK2B","EGR3"
"1147","MYO10","EGR3"
"1148","DYNLL1","EGR3"
"1149","DCTN2","EGR3"
"1150","ATP6V1F","EGR3"
"1151","IGF2","EGR3"
"1152","CAMK1","EGR3"
"1153","ACTL6B","EGR3"
"1154","SMARCD2","EGR3"
"1155","SMARCD3","EGR3"
"1156","ATF5","EGR3"
"1157","EGR1","EGR3"
"1158","TP53","ETV4"
"1159","TGFBR2","ETV4"
"1160","AGTR1","ETV4"
"1161","E2F1","ETV4"
"1162","FOS","ETV4"
"1163","TERT","ETV4"
"1164","ETS2","ETV4"
"1165","BRCA1","ETV4"
"1166","EGR1","ETV4"
"1167","SMS","EZH2"
"1168","TP53","EZH2"
"1169","CDKN2A","EZH2"
"1170","CDKN1A","EZH2"
"1171","CCND1","EZH2"
"1172","ELK1","EZH2"
"1173","PCNA","EZH2"
"1174","E2F1","EZH2"
"1175","HDAC1","EZH2"
"1176","SFRP1","EZH2"
"1177","PTEN","EZH2"
"1178","BRCA1","EZH2"
"1179","DNMT1","EZH2"
"1180","DNMT3A","EZH2"
"1181","EGR1","EZH2"
"1182","SIRT7","FOSB"
"1183","GSTP1","FOSB"
"1184","SHC3","FOSB"
"1185","MAPK10","FOSB"
"1186","TGFB1","FOSB"
"1187","RILP","FOSB"
"1188","WNT10B","FOSB"
"1189","DVL2","FOSB"
"1190","ADRA1A","FOSB"
"1191","KDM3B","FOSB"
"1192","CLEC4M","FOSB"
"1193","ARID1B","FOSB"
"1194","SMARCB1","FOSB"
"1195","SMARCA2","FOSB"
"1196","ATF5","FOSB"
"1197","CLOCK","FOSB"
"1198","EGR1","FOSB"
"1199","EGR2","FOSB"
"1200","EGR3","FOSB"
"1201","CDKN1A","FUBP1"
"1202","TLE1","FUBP1"
"1203","CDKN2A","HDAC4"
"1204","MAPK3","HDAC4"
"1205","SMAD4","HDAC4"
"1206","SMAD4","HDGF"
"1207","E2F4","HLTF"
"1208","E2F1","HLTF"
"1209","TP53","HMGA1"
"1210","CDK1","HMGA1"
"1211","E2F4","HMGA1"
"1212","E2F1","HMGA1"
"1213","E2F3","HMGA1"
"1214","FOS","HMGA1"
"1215","CSNK2A1","HMGA1"
"1216","BRCA1","HMGA1"
"1217","EGR1","HMGA1"
"1218","EGR2","HMGA1"
"1219","TP53","HMGB2"
"1220","E2F4","HMGB2"
"1221","E2F5","HMGB2"
"1222","E2F1","HMGB2"
"1223","E2F2","HMGB2"
"1224","E2F3","HMGB2"
"1225","CSNK1A1","HMGB2"
"1226","PPP2R1A","HSF2"
"1227","HSP90AA1","HSF2"
"1228","FOS","HSF2"
"1229","DCTN4","HSF2"
"1230","TP53","ID2"
"1231","ELK4","ID2"
"1232","ELK1","ID2"
"1233","EGR1","ID2"
"1234","PRKDC","ILF2"
"1235","EGR1","ILF3"
"1236","ILF2","ILF3"
"1237","SIRT7","JUNB"
"1238","GSTP1","JUNB"
"1239","SOS2","JUNB"
"1240","SHC3","JUNB"
"1241","EGFR","JUNB"
"1242","MAPK10","JUNB"
"1243","CDKN2A","JUNB"
"1244","CDKN1A","JUNB"
"1245","PPP2R5A","JUNB"
"1246","GADD45B","JUNB"
"1247","TGFBR2","JUNB"
"1248","SMAD4","JUNB"
"1249","E2F1","JUNB"
"1250","NEDD4L","JUNB"
"1251","RILP","JUNB"
"1252","WNT10B","JUNB"
"1253","DVL2","JUNB"
"1254","HSP90AB1","JUNB"
"1255","ADRA1A","JUNB"
"1256","FOS","JUNB"
"1257","SMAD3","JUNB"
"1258","KDM3B","JUNB"
"1259","ESR1","JUNB"
"1260","ETS2","JUNB"
"1261","ARID1B","JUNB"
"1262","SMARCB1","JUNB"
"1263","SMARCA2","JUNB"
"1264","ATF5","JUNB"
"1265","BRCA1","JUNB"
"1266","CLOCK","JUNB"
"1267","FOSB","JUNB"
"1268","PLCG1","KHDRBS1"
"1269","PLCG2","KHDRBS1"
"1270","E2F4","KHDRBS1"
"1271","SMAD2","KHDRBS1"
"1272","FYN","KHDRBS1"
"1273","SMARCA2","KHDRBS1"
"1274","HRAS","MAZ"
"1275","CSNK2A1","MAZ"
"1276","EGR1","MAZ"
"1277","EGR2","MAZ"
"1278","EGR3","MAZ"
"1279","TP53","MCM2"
"1280","CDKN2A","MCM2"
"1281","ORC6","MCM2"
"1282","ORC1","MCM2"
"1283","PLK1","MCM2"
"1284","CDC45","MCM2"
"1285","CDC6","MCM2"
"1286","CCNB2","MCM2"
"1287","E2F1","MCM2"
"1288","CYP2C9","NCOA6"
"1289","PRKDC","NCOA6"
"1290","E2F1","NCOA6"
"1291","FOS","NCOA6"
"1292","SMAD2","NCOA6"
"1293","SMAD3","NCOA6"
"1294","ESR1","NCOA6"
"1295","ACAT1","NFYA"
"1296","ADH1C","NFYA"
"1297","CYP2A6","NFYA"
"1298","DTYMK","NFYA"
"1299","SRM","NFYA"
"1300","ALDH6A1","NFYA"
"1301","GPHN","NFYA"
"1302","HRAS","NFYA"
"1303","PIK3R1","NFYA"
"1304","PIK3R3","NFYA"
"1305","TP53","NFYA"
"1306","PPP2R1A","NFYA"
"1307","PPP2R5A","NFYA"
"1308","UBE2T","NFYA"
"1309","ELK1","NFYA"
"1310","GADD45A","NFYA"
"1311","PLCG1","NFYA"
"1312","RHEB","NFYA"
"1313","PCNA","NFYA"
"1314","PLK1","NFYA"
"1315","CDC45","NFYA"
"1316","CDC6","NFYA"
"1317","GSK3B","NFYA"
"1318","CCNB1","NFYA"
"1319","CCNB2","NFYA"
"1320","E2F4","NFYA"
"1321","E2F3","NFYA"
"1322","CDC23","NFYA"
"1323","CDC20","NFYA"
"1324","WNT16","NFYA"
"1325","ELAVL1","NFYA"
"1326","SMAD2","NFYA"
"1327","ACTB","NFYA"
"1328","WASF2","NFYA"
"1329","HLA-B","NFYA"
"1330","HLA-C","NFYA"
"1331","RHOB","NFYA"
"1332","FCGR3B","NFYA"
"1333","CKS1B","NFYA"
"1334","CKS2","NFYA"
"1335","HEY1","NFYA"
"1336","ACTL6B","NFYA"
"1337","BRCA1","NFYA"
"1338","E2F8","NFYA"
"1339","EGR1","NFYA"
"1340","EZH2","NFYA"
"1341","HMGA1","NFYA"
"1342","HMGB2","NFYA"
"1343","HSF2","NFYA"
"1344","ID2","NFYA"
"1345","ILF2","NFYA"
"1346","ALDH6A1","NFYC"
"1347","CAT","NFYC"
"1348","GCH1","NFYC"
"1349","FDPS","NFYC"
"1350","PIK3R1","NFYC"
"1351","UBE2T","NFYC"
"1352","GSK3B","NFYC"
"1353","CDC23","NFYC"
"1354","CDC20","NFYC"
"1355","WNT16","NFYC"
"1356","FOS","NFYC"
"1357","SMAD2","NFYC"
"1358","SMAD3","NFYC"
"1359","ACTB","NFYC"
"1360","CKS1B","NFYC"
"1361","HEY1","NFYC"
"1362","ACTL6B","NFYC"
"1363","EGR1","NFYC"
"1364","EGR3","NFYC"
"1365","NFYA","NFYC"
"1366","CCND1","NPM1"
"1367","GADD45A","NPM1"
"1368","PLCG2","NPM1"
"1369","CDK1","NPM1"
"1370","PLK1","NPM1"
"1371","ARF1","NPM1"
"1372","ATF5","NPM1"
"1373","DCN","NR1H4"
"1374","ESR1","NR1H4"
"1375","SMARCD3","NR1H4"
"1376","KRAS","NR3C2"
"1377","EGFR","NR3C2"
"1378","HSP90AA1","NR3C2"
"1379","ACTG1","NR3C2"
"1380","ESR1","NR3C2"
"1381","ETV4","NR3C2"
"1382","NFYA","NR3C2"
"1383","SDHB","NRF1"
"1384","ESR1","NRF1"
"1385","DYNLL1","NRF1"
"1386","EGR1","NRF1"
"1387","IGF2","PLAG1"
"1388","EGR1","PLAG1"
"1389","NFYA","PLAG1"
"1390","SRM","POU2F1"
"1391","HAO2","POU2F1"
"1392","CYP26A1","POU2F1"
"1393","SHC1","POU2F1"
"1394","PRKCB","POU2F1"
"1395","NRAS","POU2F1"
"1396","BCL2L1","POU2F1"
"1397","PIK3R3","POU2F1"
"1398","CCND1","POU2F1"
"1399","UPF3B","POU2F1"
"1400","PPP2R1A","POU2F1"
"1401","MAP4K4","POU2F1"
"1402","GADD45G","POU2F1"
"1403","GADD45A","POU2F1"
"1404","NGFR","POU2F1"
"1405","RGL1","POU2F1"
"1406","AGTR1","POU2F1"
"1407","CDC6","POU2F1"
"1408","GSK3B","POU2F1"
"1409","E2F1","POU2F1"
"1410","HDAC1","POU2F1"
"1411","CDC20","POU2F1"
"1412","RILP","POU2F1"
"1413","RPS6KA3","POU2F1"
"1414","FZD2","POU2F1"
"1415","FZD4","POU2F1"
"1416","LRP6","POU2F1"
"1417","TLR4","POU2F1"
"1418","FOS","POU2F1"
"1419","LEF1","POU2F1"
"1420","TCF7","POU2F1"
"1421","APC","POU2F1"
"1422","SMAD2","POU2F1"
"1423","SMAD3","POU2F1"
"1424","DCN","POU2F1"
"1425","BMP5","POU2F1"
"1426","AXIN2","POU2F1"
"1427","C8A","POU2F1"
"1428","ESR1","POU2F1"
"1429","MAD2L1","POU2F1"
"1430","ETS2","POU2F1"
"1431","GPC3","POU2F1"
"1432","BARD1","POU2F1"
"1433","BRCA1","POU2F1"
"1434","BTF3","POU2F1"
"1435","DNMT3A","POU2F1"
"1436","HMGA1","POU2F1"
"1437","HMGB2","POU2F1"
"1438","ID2","POU2F1"
"1439","NFYA","POU2F1"
"1440","CDKN1A","PTMA"
"1441","CDK4","PTMA"
"1442","RAN","PTMA"
"1443","CDK1","PTMA"
"1444","PCNA","PTMA"
"1445","CCNB1","PTMA"
"1446","CCNA2","PTMA"
"1447","E2F4","PTMA"
"1448","E2F1","PTMA"
"1449","E2F2","PTMA"
"1450","E2F3","PTMA"
"1451","HDAC1","PTMA"
"1452","ESR1","PTMA"
"1453","EGR1","PTMA"
"1454","NFYA","PTMA"
"1455","RAC1","PTTG1"
"1456","CDK1","PTTG1"
"1457","ANAPC5","PTTG1"
"1458","ANAPC7","PTTG1"
"1459","ANAPC11","PTTG1"
"1460","CDC23","PTTG1"
"1461","CDC20","PTTG1"
"1462","PCNA","PURA"
"1463","E2F1","PURA"
"1464","EGR1","PURA"
"1465","EGR3","PURA"
"1466","FOS","RBMX"
"1467","EGR1","RBMX"
"1468","JUNB","RBMX"
"1469","NFYA","RBMX"
"1470","HDAC2","RFX5"
"1471","UPF3B","SATB2"
"1472","ESR1","SATB2"
"1473","EGR1","SATB2"
"1474","POU2F1","SATB2"
"1475","ELK1","SND1"
"1476","AGTR1","SND1"
"1477","ATF5","SND1"
"1478","CDKN1A","TAF5"
"1479","EGR1","TAF5"
"1480","EGR3","TAF5"
"1481","PDE7A","TCF3"
"1482","PIP4K2B","TCF3"
"1483","IMPDH2","TCF3"
"1484","SHC3","TCF3"
"1485","CDKN1A","TCF3"
"1486","BAD","TCF3"
"1487","MAPK3","TCF3"
"1488","MET","TCF3"
"1489","RALGAPB","TCF3"
"1490","PLCB1","TCF3"
"1491","TGFBR1","TCF3"
"1492","SH3GLB2","TCF3"
"1493","RILP","TCF3"
"1494","WNT2","TCF3"
"1495","WNT10A","TCF3"
"1496","FZD1","TCF3"
"1497","FOS","TCF3"
"1498","LEF1","TCF3"
"1499","APC","TCF3"
"1500","CTNNB1","TCF3"
"1501","PARD3","TCF3"
"1502","C7","TCF3"
"1503","ESR1","TCF3"
"1504","RBBP5","TCF3"
"1505","SERPING1","TCF3"
"1506","ITGA6","TCF3"
"1507","NFE2L2","TCF3"
"1508","MECOM","TCF3"
"1509","ARID1B","TCF3"
"1510","SMARCB1","TCF3"
"1511","ABL2","TCF3"
"1512","DNMT3A","TCF3"
"1513","ETV4","TCF3"
"1514","FOSB","TCF3"
"1515","JUNB","TCF3"
"1516","PURA","TCF3"
"1517","SND1","TCF3"
"1518","E2F1","TRIM16"
"1519","E2F4","TRIM28"
"1520","E2F3","TRIM28"
"1521","ESR1","TRIM28"
"1522","HGS","TSG101"
"1523","AATF","TSG101"
"1524","MAZ","TSG101"
"1525","TSG101","TTF2"
"1526","TYMS","YBX1"
"1527","AKT1","YBX1"
"1528","EGFR","YBX1"
"1529","TP53","YBX1"
"1530","MET","YBX1"
"1531","PCNA","YBX1"
"1532","GSK3B","YBX1"
"1533","CCNB1","YBX1"
"1534","E2F1","YBX1"
"1535","SMAD3","YBX1"
"1536","CKS2","YBX1"
"1537","EGR1","YBX1"
"1538","NFYA","YBX1"
"1539","MYD88","ZIC2"
"1540","WNT7B","ZIC2"
"1541","PRKAG1","ZIC2"
"1542","NFE2L2","ZIC2"
"1543","SMARCD3","ZIC2"
"1544","TALDO1","ZNF143"
"1545","PCYT1A","ZNF143"
"1546","NFYA","ZNF143"
"1547","CDK4","BHLHE40"
"1548","FOS","BHLHE40"
"1549","BRD7","BHLHE40"
"1550","CLOCK","BHLHE40"
"1551","EGR1","BHLHE40"
"1552","FOSB","BHLHE40"
"1553","HSF2","BHLHE40"
"1554","ILF3","BHLHE40"
"1555","JUNB","BHLHE40"
"1556","ELK1","ALYREF"
"1557","NFYA","ANKZF1"
"1558","TCF3","ANKZF1"
"1559","EGR1","ARID4B"
"1560","EGR2","ARID4B"
"1561","EGR3","ARID4B"
"1562","NFYA","ARID4B"
"1563","FOSB","BRD8"
"1564","JUNB","BRD8"
"1565","NFYA","BRD8"
"1566","E2F4","CBX3"
"1567","E2F5","CBX3"
"1568","E2F1","CBX3"
"1569","E2F2","CBX3"
"1570","E2F3","CBX3"
"1571","EGR1","CBX3"
"1572","TRIM28","CBX3"
"1573","ELK1","CITED2"
"1574","FOS","CITED2"
"1575","POU2F1","CITED2"
"1576","EGR1","CNOT3"
"1577","NFYA","CNOT6"
"1578","NFYC","CNOT6"
"1579","CCNE1","COIL"
"1580","E2F1","DDB2"
"1581","HDAC1","DDB2"
"1582","HDAC2","DDX20"
"1583","EGR2","DDX20"
"1584","E2F4","DEK"
"1585","E2F1","DEK"
"1586","GRB2","DTX1"
"1587","E2F2","DTX1"
"1588","ELK1","ERCC3"
"1589","CDK7","ERCC3"
"1590","EGR3","EZH1"
"1591","E2F1","FOXP1"
"1592","ESR1","FOXP1"
"1593","NFYA","FOXP1"
"1594","POU2F1","FOXP1"
"1595","TCF3","FOXP1"
"1596","FOS","GTF2IRD1"
"1597","SMAD3","GTF2IRD1"
"1598","NFYA","GTF2IRD1"
"1599","EGR1","HAX1"
"1600","MAPK10","HNRNPK"
"1601","E2F1","HNRNPK"
"1602","PRKCD","HNRNPK"
"1603","NFYA","HNRNPK"
"1604","RBMX","HNRNPK"
"1605","YBX1","HNRNPK"
"1606","ATF5","JDP2"
"1607","ELK1","KAT7"
"1608","ORC1","KAT7"
"1609","DVL3","KAT7"
"1610","FOS","KAT7"
"1611","BARD1","KAT7"
"1612","EGR1","KAT7"
"1613","EGR2","KAT7"
"1614","JUNB","KAT7"
"1615","MCM2","KAT7"
"1616","HSF2","KNTC1"
"1617","PPP2R1A","MCM3"
"1618","ORC6","MCM3"
"1619","ORC1","MCM3"
"1620","PLK1","MCM3"
"1621","CDC45","MCM3"
"1622","CDC6","MCM3"
"1623","E2F4","MCM3"
"1624","E2F5","MCM3"
"1625","E2F1","MCM3"
"1626","E2F2","MCM3"
"1627","E2F3","MCM3"
"1628","MCM2","MCM3"
"1629","NFYA","MCM3"
"1630","ORC6","MCM4"
"1631","ORC1","MCM4"
"1632","CDC45","MCM4"
"1633","E2F4","MCM4"
"1634","E2F5","MCM4"
"1635","E2F1","MCM4"
"1636","E2F2","MCM4"
"1637","E2F3","MCM4"
"1638","MCM2","MCM4"
"1639","MCM3","MCM4"
"1640","ORC6","MCM6"
"1641","ORC1","MCM6"
"1642","CDC45","MCM6"
"1643","E2F4","MCM6"
"1644","E2F5","MCM6"
"1645","E2F1","MCM6"
"1646","E2F2","MCM6"
"1647","E2F3","MCM6"
"1648","MCM2","MCM6"
"1649","MCM3","MCM6"
"1650","MCM4","MCM6"
"1651","TP53","MLLT6"
"1652","EGR3","MLLT6"
"1653","TCF3","MLLT6"
"1654","ELK4","NR2C2"
"1655","E2F1","NR2C2"
"1656","HSP90AA1","NR2C2"
"1657","HSP90AB1","NR2C2"
"1658","ESR1","NR2C2"
"1659","DR1","NR2C2"
"1660","EGR3","NR2C2"
"1661","HSF2","NR2C2"
"1662","SMAD2","PAPOLA"
"1663","EGR1","PAPOLA"
"1664","TP53","PBXIP1"
"1665","EGR1","PDCD11"
"1666","TP53","PIAS1"
"1667","SMAD4","PIAS1"
"1668","AXIN1","PIAS1"
"1669","ESR1","PIAS1"
"1670","DNMT3A","PIAS1"
"1671","NR3C2","PIAS1"
"1672","SATB2","PIAS1"
"1673","FOS","POLR2H"
"1674","EGR1","POLR2H"
"1675","JUNB","POLR2H"
"1676","NFYA","PQBP1"
"1677","CDC23","RAD54B"
"1678","NFYA","RAD54B"
"1679","POU2F1","RAD54B"
"1680","RB1","RBBP7"
"1681","HDAC1","RBBP7"
"1682","HDAC2","RBBP7"
"1683","FOS","RBBP7"
"1684","BRCA1","RBBP7"
"1685","EGR1","RBBP7"
"1686","EGR2","RBBP7"
"1687","JUNB","RBBP7"
"1688","POU2F1","RBBP7"
"1689","CCND1","RFC1"
"1690","CDK4","RFC1"
"1691","PCNA","RFC1"
"1692","E2F1","RFC1"
"1693","HDAC1","RFC1"
"1694","BRCA1","RFC1"
"1695","ELK1","RNPS1"
"1696","YWHAB","RNPS1"
"1697","YWHAG","RNPS1"
"1698","DVL2","RNPS1"
"1699","E2F1","RUVBL2"
"1700","HDAC1","RUVBL2"
"1701","RUVBL1","RUVBL2"
"1702","CTNNB1","RUVBL2"
"1703","HDAC4","RUVBL2"
"1704","SNRPB","SNRPD1"
"1705","HDAC2","SNW1"
"1706","JDP2","SNW1"
"1707","RAN","SSRP1"
"1708","CSNK2A1","SSRP1"
"1709","ZIC2","SSRP1"
"1710","MCM4","SSRP1"
"1711","MCM3","SUPT16H"
"1712","MCM4","SUPT16H"
"1713","TAF5","TAF12"
"1714","HDAC6","TARDBP"
"1715","FOSB","TCEA2"
"1716","BARD1","TCERG1"
"1717","NFYA","TCERG1"
"1718","NPM1","TCERG1"
"1719","E2F1","TIMELESS"
"1720","E2F1","TRIM24"
"1721","ESR1","TRIM24"
"1722","NFYA","TRIM24"
"1723","NR3C2","TRIM24"
"1724","TRIM28","TRIM24"
"1725","CBX3","TRIM24"
"1726","TP53","UBTF"
"1727","RB1","UBTF"
"1728","MAPK3","UBTF"
"1729","CCNA2","UBTF"
"1730","EGR1","UBTF"
"1731","PIK3R1","WBP11"
"1732","PPP1CC","WBP11"
"1733","ARF1","WBP11"
"1734","PQBP1","WBP11"
"1735","EGFR","XRCC6"
"1736","TP53","XRCC6"
"1737","CDKN1A","XRCC6"
"1738","PCNA","XRCC6"
"1739","E2F4","XRCC6"
"1740","E2F5","XRCC6"
"1741","E2F1","XRCC6"
"1742","E2F2","XRCC6"
"1743","E2F3","XRCC6"
"1744","SMAD3","XRCC6"
"1745","BARD1","XRCC6"
"1746","EGR1","XRCC6"
"1747","PTTG1","XRCC6"
"1748","TLE1","ZFP64"
"1749","E2F1","ZMYND11"
"1750","HDAC1","ZMYND11"
"1751","SMAD2","ZMYND11"
"1752","DYNLL1","ZMYND11"
"1753","ETS2","ZMYND11"
"1754","SMARCA4","ZMYND11"
"1755","EZH1","ZMYND11"
"1756","TP53","ZNF581"
"1757","ELK1","ZNF581"
"1758","MAPK3","ZNF7"
"1759","ALDOB","FBP1"
"1760","ALDH2","ADH1B"
"1761","ALDH2","ADH4"
"1762","ALDH2","BBOX1"
"1763","ALDH2","AKR1B10"
"1764","ALDH2","ACYP1"
"1765","ALDH1B1","ACYP1"
"1766","SDHB","SUCLG2"
"1767","SDHD","SUCLG2"
"1768","MMUT","SUCLG2"
"1769","HSF2","SUCLG2"
"1770","TKT","RPIA"
"1771","EGR1","RPIA"
"1772","UGP2","PGM1"
"1773","UGP2","GALE"
"1774","EHHADH","IVD"
"1775","ECHS1","IVD"
"1776","ECHS1","ACADM"
"1777","ACAT1","AACS"
"1778","ACAT1","HMGCS2"
"1779","ADH1A","GSTO2"
"1780","CYP1A2","GSTO2"
"1781","ADH1A","GSTA5"
"1782","ADH1A","GSTA2"
"1783","ADH1A","GSTA3"
"1784","ADH1A","GSTA4"
"1785","ADH1A","GSTM1"
"1786","ADH1A","GSTM3"
"1787","ADH1A","GSTM5"
"1788","ADH1A","GSTT1"
"1789","ADH1A","MGST1"
"1790","ADH1A","MGST2"
"1791","ADH1A","GSTT2B"
"1792","ADH1A","GSTO1"
"1793","CYP8B1","AKR1D1"
"1794","PNP","NMRK1"
"1795","PNP","XDH"
"1796","PNP","NNMT"
"1797","NAMPT","NNMT"
"1798","SIRT7","NNMT"
"1799","PDE7B","ADSL"
"1800","PDE7A","ADSL"
"1801","ASL","ADSL"
"1802","TCF3","ADSL"
"1803","CYP1A2","CYP2J2"
"1804","DTYMK","TK1"
"1805","E2F4","TK1"
"1806","E2F1","TK1"
"1807","TLE1","TK1"
"1808","GLUD2","NIT2"
"1809","GLUD2","GLUL"
"1810","GLS2","GLUL"
"1811","NFYA","GLUL"
"1812","FOLH1","ASPA"
"1813","ESR1","ASPA"
"1814","BHMT","DMGDH"
"1815","SHMT1","SDS"
"1816","SHMT1","AGXT"
"1817","AGXT2","ABAT"
"1818","ALDH6A1","ABAT"
"1819","AOC1","INMT"
"1820","AMDHD1","UROC1"
"1821","MTR","CTH"
"1822","E2F4","CTH"
"1823","NFYA","CTH"
"1824","B4GALT3","ST3GAL3"
"1825","LIPG","MGLL"
"1826","MOGAT2","MGLL"
"1827","POU2F1","MGLL"
"1828","LPCAT1","PLAAT3"
"1829","PCYT1A","CHKA"
"1830","PIK3CA","CHKA"
"1831","PIK3CB","CHKA"
"1832","PIK3CD","CHKA"
"1833","PIK3R1","CHKA"
"1834","PIK3R2","CHKA"
"1835","PIK3R3","CHKA"
"1836","E2F1","CHKA"
"1837","EGR1","CHKA"
"1838","EPHX2","CYP2B6"
"1839","CYP26A1","CYP2B6"
"1840","LTA4H","CYP4F3"
"1841","HAO2","PGP"
"1842","HAO1","PGP"
"1843","EGR1","PGP"
"1844","EGR2","PGP"
"1845","EGR3","PGP"
"1846","NFYA","PGP"
"1847","RETSAT","HSD17B6"
"1848","GMPS","TPMT"
"1849","IMPDH2","TPMT"
"1850","EGR1","TPMT"
"1851","MTOR","RRAGD"
"1852","MTOR","EIF4EBP1"
"1853","TGFA","NKD2"
"1854","E2F4","NKD2"
"1855","E2F5","NKD2"
"1856","E2F1","NKD2"
"1857","E2F2","NKD2"
"1858","E2F3","NKD2"
"1859","DVL1","NKD2"
"1860","DVL2","NKD2"
"1861","DVL3","NKD2"
"1862","SHC2","EPHA2"
"1863","ELK1","EPHA2"
"1864","SHC2","FGFR4"
"1865","PRKCA","PLCB2"
"1866","PRKCB","PLCB2"
"1867","EGFR","PLCB2"
"1868","PRKCA","ATP6AP1"
"1869","EGFR","ATP6AP1"
"1870","PRKCA","PA2G4"
"1871","PRKCB","PA2G4"
"1872","PRKCG","PA2G4"
"1873","RB1","PA2G4"
"1874","E2F1","PA2G4"
"1875","HDAC2","PA2G4"
"1876","NFYA","PA2G4"
"1877","NFYC","PA2G4"
"1878","PRKCA","TRPV4"
"1879","PRKCB","TRPV4"
"1880","PRKCG","TRPV4"
"1881","PRKCD","TRPV4"
"1882","PRKCB","FCGR2C"
"1883","PRKCB","SLC2A2"
"1884","AKT3","THEM4"
"1885","AKT3","C6"
"1886","AKT3","C8B"
"1887","AKT3","C9"
"1888","RAF1","RFXANK"
"1889","EGR1","RFXANK"
"1890","HDAC4","RFXANK"
"1891","NFYA","RFXANK"
"1892","RFX5","RFXANK"
"1893","HRAS","TPM3"
"1894","SMAD3","TPM3"
"1895","HRAS","TPR"
"1896","HRAS","CCDC6"
"1897","E2F1","CCDC6"
"1898","EGFR","FGF23"
"1899","EGFR","ATP6V1C2"
"1900","EGFR","ATP6V1H"
"1901","PIK3CA","HOMER2"
"1902","PIK3CA","TRAF5"
"1903","ELAVL1","TRAF5"
"1904","MAPK10","BAX"
"1905","TP53","BAX"
"1906","HK3","BAX"
"1907","HKDC1","BAX"
"1908","AATF","BAX"
"1909","EGR1","BAX"
"1910","TP53","AHNAK"
"1911","ACTB","AHNAK"
"1912","TP53","UHRF1"
"1913","RB1","UHRF1"
"1914","E2F4","UHRF1"
"1915","E2F5","UHRF1"
"1916","E2F1","UHRF1"
"1917","E2F2","UHRF1"
"1918","E2F3","UHRF1"
"1919","NFYA","UHRF1"
"1920","TP53","YEATS4"
"1921","TP53","UBE2K"
"1922","TP53","FAS"
"1923","FOS","FAS"
"1924","EGR1","FAS"
"1925","EGR2","FAS"
"1926","HDGF","FAS"
"1927","NFYA","FAS"
"1928","NFYC","FAS"
"1929","PURA","FAS"
"1930","YBX1","FAS"
"1931","TP53","XPO1"
"1932","RAN","XPO1"
"1933","E2F4","XPO1"
"1934","E2F5","XPO1"
"1935","E2F1","XPO1"
"1936","E2F2","XPO1"
"1937","E2F3","XPO1"
"1938","SMARCB1","XPO1"
"1939","NFYA","XPO1"
"1940","NPM1","XPO1"
"1941","TP53","HSPB1"
"1942","MAPKAPK5","HSPB1"
"1943","FOS","HSPB1"
"1944","ESR1","HSPB1"
"1945","EGR1","HSPB1"
"1946","TP53","RAB4A"
"1947","RBSN","RAB4A"
"1948","TP53","BAK1"
"1949","TP53","SERPINE1"
"1950","SMAD4","SERPINE1"
"1951","AGTR1","SERPINE1"
"1952","E2F1","SERPINE1"
"1953","E2F2","SERPINE1"
"1954","E2F3","SERPINE1"
"1955","FOS","SERPINE1"
"1956","SMAD2","SERPINE1"
"1957","SMAD3","SERPINE1"
"1958","ESR1","SERPINE1"
"1959","EGR1","SERPINE1"
"1960","JUNB","SERPINE1"
"1961","TP53","TNF"
"1962","MAPK1","TNF"
"1963","MAPK3","TNF"
"1964","ELK1","TNF"
"1965","MYD88","TNF"
"1966","E2F1","TNF"
"1967","FOS","TNF"
"1968","EGR1","TNF"
"1969","ETV4","TNF"
"1970","HMGB2","TNF"
"1971","POU2F1","TNF"
"1972","TP53","BIRC5"
"1973","RB1","BIRC5"
"1974","E2F4","BIRC5"
"1975","E2F1","BIRC5"
"1976","HDAC1","BIRC5"
"1977","LEF1","BIRC5"
"1978","TCF7","BIRC5"
"1979","TCF7L2","BIRC5"
"1980","APC","BIRC5"
"1981","CTNNB1","BIRC5"
"1982","DNMT1","BIRC5"
"1983","ILF3","BIRC5"
"1984","TP53","NQO1"
"1985","FOS","NQO1"
"1986","ESR1","NQO1"
"1987","NFE2L2","NQO1"
"1988","JUNB","NQO1"
"1989","NRF1","NQO1"
"1990","TP53","PTGS2"
"1991","SMAD4","PTGS2"
"1992","E2F4","PTGS2"
"1993","E2F2","PTGS2"
"1994","HDAC1","PTGS2"
"1995","FOS","PTGS2"
"1996","TCF7L2","PTGS2"
"1997","APC","PTGS2"
"1998","CTNNB1","PTGS2"
"1999","DR1","PTGS2"
"2000","EGR1","PTGS2"
"2001","EGR2","PTGS2"
"2002","ETV4","PTGS2"
"2003","HMGA1","PTGS2"
"2004","JUNB","PTGS2"
"2005","TP53","MDC1"
"2006","FOS","MDC1"
"2007","BARD1","MDC1"
"2008","BRCA1","MDC1"
"2009","EGR1","MDC1"
"2010","HSF2","MDC1"
"2011","JUNB","MDC1"
"2012","NFYA","MDC1"
"2013","TP53","PTPRG"
"2014","ESR1","PTPRG"
"2015","TP53","EPCAM"
"2016","HDAC1","EPCAM"
"2017","TP53","MSH2"
"2018","E2F4","MSH2"
"2019","E2F1","MSH2"
"2020","TP53","AURKA"
"2021","E2F1","AURKA"
"2022","E2F3","AURKA"
"2023","BRCA1","AURKA"
"2024","NFYA","AURKA"
"2025","NFYC","AURKA"
"2026","TP53","RRM2"
"2027","NFYA","RRM2"
"2028","NFYC","RRM2"
"2029","TP53","TOP2A"
"2030","E2F1","TOP2A"
"2031","HDAC1","TOP2A"
"2032","YBX1","TOP2A"
"2033","TP53","TP53BP2"
"2034","TP53","STMN1"
"2035","E2F4","STMN1"
"2036","E2F5","STMN1"
"2037","E2F1","STMN1"
"2038","E2F2","STMN1"
"2039","E2F3","STMN1"
"2040","ESR1","STMN1"
"2041","EGR1","STMN1"
"2042","NFYA","STMN1"
"2043","BHLHE40","STMN1"
"2044","TP53","BLM"
"2045","ELK1","BLM"
"2046","ESR1","BLM"
"2047","NFYA","BLM"
"2048","TP53","KPNB1"
"2049","SMAD2","KPNB1"
"2050","SMAD3","KPNB1"
"2051","EGR1","KPNB1"
"2052","EZH2","KPNB1"
"2053","NFYA","KPNB1"
"2054","NFYC","KPNB1"
"2055","PTMA","KPNB1"
"2056","TP53","HSPA4"
"2057","SMAD3","HSPA4"
"2058","ESR1","HSPA4"
"2059","EGR1","HSPA4"
"2060","HSF2","HSPA4"
"2061","NFYA","HSPA4"
"2062","NR3C2","HSPA4"
"2063","TP53","SOCS2"
"2064","E2F1","SOCS2"
"2065","ESR1","SOCS2"
"2066","EGR2","SOCS2"
"2067","EGR3","SOCS2"
"2068","TP53","THRSP"
"2069","TP53","AFP"
"2070","TP53","TRIM22"
"2071","TP53","KPNA2"
"2072","LEF1","KPNA2"
"2073","BRCA1","KPNA2"
"2074","NFYA","KPNA2"
"2075","PLAG1","KPNA2"
"2076","PTMA","KPNA2"
"2077","YBX1","KPNA2"
"2078","TP53","MNAT1"
"2079","E2F1","MNAT1"
"2080","ESR1","MNAT1"
"2081","BRCA1","MNAT1"
"2082","POU2F1","MNAT1"
"2083","ERCC3","MNAT1"
"2084","TP53","SPRYD4"
"2085","TP53","SLC39A14"
"2086","E2F4","SLC39A14"
"2087","E2F1","SLC39A14"
"2088","TP53","KHK"
"2089","TP53","CUTA"
"2090","BHLHE40","CUTA"
"2091","TP53","FAM83H"
"2092","FOS","FAM83H"
"2093","EGR1","FAM83H"
"2094","EGR2","FAM83H"
"2095","FOSB","FAM83H"
"2096","JUNB","FAM83H"
"2097","TCF3","FAM83H"
"2098","TP53","CDK5"
"2099","FOS","CDK5"
"2100","EGR1","CDK5"
"2101","PURA","CDK5"
"2102","BHLHE40","CDK5"
"2103","TP53","N4BP2L1"
"2104","E2F4","N4BP2L1"
"2105","E2F5","N4BP2L1"
"2106","E2F1","N4BP2L1"
"2107","E2F2","N4BP2L1"
"2108","E2F3","N4BP2L1"
"2109","POU2F1","N4BP2L1"
"2110","TCF3","N4BP2L1"
"2111","TP53","PPM1D"
"2112","E2F4","PPM1D"
"2113","E2F5","PPM1D"
"2114","E2F1","PPM1D"
"2115","E2F2","PPM1D"
"2116","E2F3","PPM1D"
"2117","TP53","UBE2A"
"2118","ZIC2","UBE2A"
"2119","TP53","PPFIBP2"
"2120","TCF3","PPFIBP2"
"2121","TSG101","PPFIBP2"
"2122","ZIC2","PPFIBP2"
"2123","TP53","VIPR1"
"2124","PTMA","VIPR1"
"2125","TP53","STOML2"
"2126","E2F4","STOML2"
"2127","E2F5","STOML2"
"2128","E2F1","STOML2"
"2129","E2F2","STOML2"
"2130","E2F3","STOML2"
"2131","FOS","STOML2"
"2132","EGR1","STOML2"
"2133","JUNB","STOML2"
"2134","POU2F1","STOML2"
"2135","TP53","STEAP3"
"2136","TP53","SSNA1"
"2137","TP53","SPON2"
"2138","TP53","SLMAP"
"2139","TP53","SEMA3F"
"2140","FOS","SEMA3F"
"2141","FOSB","SEMA3F"
"2142","JUNB","SEMA3F"
"2143","TP53","SCRIB"
"2144","TP53","SAP130"
"2145","NFYA","SAP130"
"2146","ARID4B","SAP130"
"2147","TP53","S100A8"
"2148","FOSB","S100A8"
"2149","PDCD11","S100A8"
"2150","TP53","RC3H1"
"2151","TP53","PRPF6"
"2152","ESR1","PRPF6"
"2153","SMARCA2","PRPF6"
"2154","TP53","NSUN5"
"2155","TP53","MCC"
"2156","TP53","LIG3"
"2157","ATF5","LIG3"
"2158","TP53","KLKB1"
"2159","TP53","KIN"
"2160","HSF2","KIN"
"2161","TP53","KDM6B"
"2162","BHLHE40","KDM6B"
"2163","TP53","KCNN3"
"2164","FOS","KCNN3"
"2165","FOSB","KCNN3"
"2166","JUNB","KCNN3"
"2167","POU2F1","KCNN3"
"2168","TP53","IK"
"2169","TCF3","IK"
"2170","TP53","HMGN5"
"2171","TP53","GPM6A"
"2172","POU2F1","GPM6A"
"2173","TP53","FAM216A"
"2174","TP53","DUSP12"
"2175","TP53","DPF2"
"2176","E2F1","DPF2"
"2177","TP53","CNTN4"
"2178","POU2F1","CNTN4"
"2179","TP53","CHCHD7"
"2180","E2F4","CHCHD7"
"2181","E2F1","CHCHD7"
"2182","POU2F1","CHCHD7"
"2183","TP53","C15orf40"
"2184","TP53","AIFM2"
"2185","TP53","AIDA"
"2186","TP53","VRK1"
"2187","NFYA","VRK1"
"2188","TP53","SCAMP1"
"2189","TP53","EPHA3"
"2190","TP53","CSNK1D"
"2191","CLOCK","CSNK1D"
"2192","TP53","CCT5"
"2193","TP53","ARIH2"
"2194","TP53","ANXA3"
"2195","E2F1","ANXA3"
"2196","FOS","ANXA3"
"2197","EGR1","ANXA3"
"2198","JUNB","ANXA3"
"2199","TP53","POLA1"
"2200","ELK1","POLA1"
"2201","E2F1","POLA1"
"2202","EGR1","POLA1"
"2203","TP53","PAFAH1B3"
"2204","TLE1","PAFAH1B3"
"2205","BRD7","PAFAH1B3"
"2206","EGR2","PAFAH1B3"
"2207","EGR3","PAFAH1B3"
"2208","XRCC6","PAFAH1B3"
"2209","TP53","UBE2I"
"2210","ELK1","UBE2I"
"2211","SMAD4","UBE2I"
"2212","HDAC1","UBE2I"
"2213","ESR1","UBE2I"
"2214","DACH1","UBE2I"
"2215","DNMT3A","UBE2I"
"2216","EGR1","UBE2I"
"2217","HSF2","UBE2I"
"2218","TCF3","UBE2I"
"2219","HNRNPK","UBE2I"
"2220","PIAS1","UBE2I"
"2221","RAD54B","UBE2I"
"2222","TP53","PRIM1"
"2223","TP53","RPA1"
"2224","BRCA2","RPA1"
"2225","TCEA2","RPA1"
"2226","CDKN2A","FOXM1"
"2227","CDK1","FOXM1"
"2228","CDC25B","FOXM1"
"2229","CDC6","FOXM1"
"2230","CCNB1","FOXM1"
"2231","E2F1","FOXM1"
"2232","CDKN2C","WDR5"
"2233","CDKN1A","NELFCD"
"2234","CTNNB1","NELFCD"
"2235","CDK4","NCOA2"
"2236","CTNNB1","NCOA2"
"2237","ESR1","NCOA2"
"2238","SMARCE1","NCOA2"
"2239","RB1","CCNE2"
"2240","E2F1","CCNE2"
"2241","E2F2","CCNE2"
"2242","E2F3","CCNE2"
"2243","RB1","ARID3B"
"2244","E2F2","ARID3B"
"2245","EGR1","ARID3B"
"2246","RB1","GTF3C2"
"2247","E2F4","GTF3C2"
"2248","E2F5","GTF3C2"
"2249","E2F1","GTF3C2"
"2250","E2F2","GTF3C2"
"2251","E2F3","GTF3C2"
"2252","RB1","KDM5B"
"2253","EGR1","KDM5B"
"2254","EGR3","KDM5B"
"2255","RB1","SKP2"
"2256","ELK1","SKP2"
"2257","E2F1","SKP2"
"2258","LEF1","SKP2"
"2259","CKS1B","SKP2"
"2260","CKS2","SKP2"
"2261","TCF3","SKP2"
"2262","YBX1","SKP2"
"2263","RB1","NDC80"
"2264","E2F4","NDC80"
"2265","E2F1","NDC80"
"2266","MAPK1","DUSP9"
"2267","MAPK1","IL17RC"
"2268","MAPK1","SDC1"
"2269","E2F4","SDC1"
"2270","E2F5","SDC1"
"2271","E2F1","SDC1"
"2272","E2F2","SDC1"
"2273","E2F3","SDC1"
"2274","MAPK1","ZFP36"
"2275","UPF2","ZFP36"
"2276","ELK1","ZFP36"
"2277","SMAD4","ZFP36"
"2278","YWHAB","ZFP36"
"2279","YWHAG","ZFP36"
"2280","ELAVL1","ZFP36"
"2281","FOS","ZFP36"
"2282","SMAD3","ZFP36"
"2283","EGR1","ZFP36"
"2284","JUNB","ZFP36"
"2285","UPF2","GSPT2"
"2286","UPF3B","GSPT2"
"2287","SMG7","SMG5"
"2288","PPP2CB","SMG5"
"2289","PPP2R1A","SMG5"
"2290","PPP2R5A","SMG5"
"2291","ESR1","SMG5"
"2292","PPP2CB","IRAK1"
"2293","PPP2R1A","IRAK1"
"2294","MYD88","IRAK1"
"2295","PPP2CB","STK3"
"2296","FRMD6","STK3"
"2297","ACTB","STK3"
"2298","ACTG1","STK3"
"2299","RASSF4","STK3"
"2300","RAD50","MRE11"
"2301","BRCA2","SEM1"
"2302","BRCA2","PSMD3"
"2303","BRCA2","BUB1B"
"2304","HDAC1","BUB1B"
"2305","ZNF143","BUB1B"
"2306","FANCF","FANCI"
"2307","FANCG","FANCI"
"2308","UBE2T","FANCI"
"2309","CENPX","FANCI"
"2310","CENPS","FANCI"
"2311","ELK1","FANCI"
"2312","E2F1","FANCI"
"2313","EGR1","FANCI"
"2314","MAP4K4","MAP3K1"
"2315","RAC1","MAP3K1"
"2316","ELK1","TRRAP"
"2317","E2F1","TRRAP"
"2318","ESR1","TRRAP"
"2319","ACTL6A","TRRAP"
"2320","BRCA1","TRRAP"
"2321","EGR1","TRRAP"
"2322","BRD8","TRRAP"
"2323","EP400","TRRAP"
"2324","ELK1","ARID2"
"2325","SMARCB1","ARID2"
"2326","SMARCC1","ARID2"
"2327","SMARCC2","ARID2"
"2328","SMARCA2","ARID2"
"2329","SMARCA4","ARID2"
"2330","SMARCE1","ARID2"
"2331","ELK1","SETDB1"
"2332","HDAC2","SETDB1"
"2333","PHF10","SETDB1"
"2334","DNMT3A","SETDB1"
"2335","EGR1","SETDB1"
"2336","TRIM16","SETDB1"
"2337","TRIM28","SETDB1"
"2338","BHLHE40","SETDB1"
"2339","TARDBP","SETDB1"
"2340","TCERG1","SETDB1"
"2341","ZFP64","SETDB1"
"2342","ELK1","MCM10"
"2343","ELK1","DAP3"
"2344","ELK1","EIF2AK1"
"2345","HDAC1","EIF2AK1"
"2346","NFE2L2","EIF2AK1"
"2347","ELK1","FUT4"
"2348","ELK1","NOL7"
"2349","ELK1","PRCP"
"2350","NFYA","PRCP"
"2351","NFYC","PRCP"
"2352","ELK1","WDR46"
"2353","ELK1","THOC6"
"2354","E2F1","THOC6"
"2355","FOS","THOC6"
"2356","EGR1","THOC6"
"2357","EGR2","THOC6"
"2358","EGR3","THOC6"
"2359","ZIC2","THOC6"
"2360","ELK1","PUF60"
"2361","EGR1","PUF60"
"2362","FUBP1","PUF60"
"2363","ELK1","PTBP3"
"2364","E2F4","PTBP3"
"2365","E2F1","PTBP3"
"2366","EGR1","PTBP3"
"2367","ELK1","LASP1"
"2368","EGR1","LASP1"
"2369","TRIP13","LASP1"
"2370","ELK1","ASXL2"
"2371","E2F1","ASXL2"
"2372","EGR1","ASXL2"
"2373","ELK1","SENP1"
"2374","E2F4","SENP1"
"2375","E2F1","SENP1"
"2376","E2F2","SENP1"
"2377","E2F3","SENP1"
"2378","ELK1","NUP155"
"2379","E2F4","NUP155"
"2380","E2F1","NUP155"
"2381","E2F2","NUP155"
"2382","E2F3","NUP155"
"2383","ELK1","MSH3"
"2384","E2F4","MSH3"
"2385","E2F1","MSH3"
"2386","ELK1","BROX"
"2387","E2F4","BROX"
"2388","E2F1","BROX"
"2389","E2F2","BROX"
"2390","E2F3","BROX"
"2391","EGR2","BROX"
"2392","EGR3","BROX"
"2393","ELK1","DHX30"
"2394","E2F4","DHX30"
"2395","E2F1","DHX30"
"2396","EGR1","DHX30"
"2397","ZIC2","DHX30"
"2398","RBBP7","DHX30"
"2399","ELK1","SEC24C"
"2400","ELK1","PRPF19"
"2401","TCF3","PRPF19"
"2402","ELK1","DPCD"
"2403","E2F1","DPCD"
"2404","FOS","DPCD"
"2405","EGR1","DPCD"
"2406","NFYA","DPCD"
"2407","TCF3","DPCD"
"2408","RUVBL2","DPCD"
"2409","ELK1","C17orf58"
"2410","ELK1","ACD"
"2411","E2F1","ACD"
"2412","ESR1","ACD"
"2413","EGR1","ACD"
"2414","NFYA","ACD"
"2415","TCF3","ACD"
"2416","XRCC6","ACD"
"2417","ELK1","SF3B2"
"2418","SMAD3","SF3B2"
"2419","TCERG1","SF3B2"
"2420","ELK1","OTUD7B"
"2421","E2F4","OTUD7B"
"2422","E2F1","OTUD7B"
"2423","E2F2","OTUD7B"
"2424","E2F3","OTUD7B"
"2425","EGR1","OTUD7B"
"2426","POU2F1","OTUD7B"
"2427","ELK1","MTBP"
"2428","ELK1","KIF4A"
"2429","E2F4","KIF4A"
"2430","E2F1","KIF4A"
"2431","TTF2","KIF4A"
"2432","ELK1","EPB41L4A"
"2433","POU2F1","EPB41L4A"
"2434","ELK1","ACTG2"
"2435","POU2F1","ACTG2"
"2436","ELK1","SLBP"
"2437","NFYC","SLBP"
"2438","ELK1","LRRC4C"
"2439","E2F4","LRRC4C"
"2440","E2F1","LRRC4C"
"2441","E2F2","LRRC4C"
"2442","E2F3","LRRC4C"
"2443","NFYA","LRRC4C"
"2444","NFYC","LRRC4C"
"2445","ELK1","SERPINI1"
"2446","ELK1","RBP5"
"2447","ELK1","MLEC"
"2448","E2F1","MLEC"
"2449","ELK1","MAF1"
"2450","ELK1","KCNN2"
"2451","FOS","KCNN2"
"2452","EGR1","KCNN2"
"2453","EGR2","KCNN2"
"2454","JUNB","KCNN2"
"2455","ELK1","GPANK1"
"2456","E2F4","GPANK1"
"2457","EGR1","GPANK1"
"2458","ELK1","UBE2Q1"
"2459","ELK1","TMEM68"
"2460","ELK1","RPL37"
"2461","ELK1","RPL15"
"2462","E2F4","RPL15"
"2463","E2F1","RPL15"
"2464","ELK1","MEA1"
"2465","EGR1","MEA1"
"2466","ELK1","ITPA"
"2467","ELK1","ITGB3BP"
"2468","E2F4","ITGB3BP"
"2469","E2F1","ITGB3BP"
"2470","ESR1","ITGB3BP"
"2471","EGR1","ITGB3BP"
"2472","ELK1","HEATR1"
"2473","ELK1","EXOSC10"
"2474","RUVBL2","EXOSC10"
"2475","SSRP1","EXOSC10"
"2476","TARDBP","EXOSC10"
"2477","ELK1","DCAF8"
"2478","ELK1","COLEC11"
"2479","EGR1","COLEC11"
"2480","ELK1","CLK2"
"2481","E2F2","CLK2"
"2482","E2F3","CLK2"
"2483","EGR1","CLK2"
"2484","ELK1","CIDEB"
"2485","ELK1","SMG8"
"2486","HSF2","SMG8"
"2487","ELK1","TINAGL1"
"2488","ELK1","ZSCAN29"
"2489","ELK1","ZNF623"
"2490","ELK1","ZNF322"
"2491","EGR1","ZNF322"
"2492","ELK1","UGGT1"
"2493","ELK1","UBE2J2"
"2494","ELK1","TRIM15"
"2495","EGR1","TRIM15"
"2496","ELK1","SNX12"
"2497","ELK1","SLC25A20"
"2498","E2F2","SLC25A20"
"2499","ELK1","SFR1"
"2500","ELK1","RNF150"
"2501","ELK1","RBM22"
"2502","E2F4","RBM22"
"2503","E2F1","RBM22"
"2504","ELK1","RABIF"
"2505","E2F4","RABIF"
"2506","ELK1","PPOX"
"2507","EGR1","PPOX"
"2508","EGR2","PPOX"
"2509","EGR3","PPOX"
"2510","ELK1","OSTF1"
"2511","ELK1","MTIF2"
"2512","ELK1","LZIC"
"2513","EGR1","LZIC"
"2514","ELK1","KLHDC3"
"2515","E2F4","KLHDC3"
"2516","E2F1","KLHDC3"
"2517","E2F2","KLHDC3"
"2518","E2F3","KLHDC3"
"2519","ELK1","KCND3"
"2520","ELK1","KBTBD4"
"2521","EGR1","KBTBD4"
"2522","ELK1","FBXW2"
"2523","ELK1","FBXL18"
"2524","ELK1","FAM168B"
"2525","EGR1","FAM168B"
"2526","BHLHE40","FAM168B"
"2527","ELK1","EMG1"
"2528","KHDRBS1","EMG1"
"2529","ELK1","EIF3G"
"2530","ELK1","DISP1"
"2531","ELK1","DDX55"
"2532","ELK1","CSPP1"
"2533","ELK1","CPSF3"
"2534","E2F1","CPSF3"
"2535","PAPOLA","CPSF3"
"2536","ELK1","COPA"
"2537","ATF5","COPA"
"2538","ELK1","COMMD5"
"2539","ELK1","CDCA8"
"2540","ELK1","CBLN2"
"2541","ELK1","BANF1"
"2542","ELK1","AP5M1"
"2543","ELK1","AP3B1"
"2544","GADD45G","MAP3K4"
"2545","GADD45A","MAP3K4"
"2546","GADD45B","MAP3K4"
"2547","TGFB1","ASH1L"
"2548","RAC1","RALBP1"
"2549","RALA","RALBP1"
"2550","GDF5","BMPR1A"
"2551","E2F1","BMPR1A"
"2552","SMAD2","BMPR1A"
"2553","SMAD3","BMPR1A"
"2554","BMP8A","BMPR1A"
"2555","BMP5","BMPR1A"
"2556","ZMYND11","BMPR1A"
"2557","PLCB1","AVPR1A"
"2558","PLCB1","FPR1"
"2559","E2F1","FPR1"
"2560","SMAD4","CCL2"
"2561","HDAC2","CCL2"
"2562","FOS","CCL2"
"2563","SMAD3","CCL2"
"2564","SMAD4","STK35"
"2565","E2F4","STK35"
"2566","E2F1","STK35"
"2567","SMAD4","XPO5"
"2568","EGR1","XPO5"
"2569","ILF3","XPO5"
"2570","SMAD4","RAB13"
"2571","SMAD4","PBK"
"2572","E2F1","PBK"
"2573","SMAD4","UBE2Z"
"2574","EGR2","UBE2Z"
"2575","EGR3","UBE2Z"
"2576","SMAD4","RAB25"
"2577","SMAD4","NAT8"
"2578","SMAD4","UHRF2"
"2579","SMAD4","ZBED5"
"2580","DGKQ","PLCD3"
"2581","DGKZ","PLCD3"
"2582","NFYA","PLCD3"
"2583","MTMR7","PIP4P2"
"2584","ORC6","MCM5"
"2585","ORC1","MCM5"
"2586","YWHAG","MCM5"
"2587","CDC45","MCM5"
"2588","E2F4","MCM5"
"2589","E2F5","MCM5"
"2590","E2F1","MCM5"
"2591","E2F2","MCM5"
"2592","E2F3","MCM5"
"2593","MCM2","MCM5"
"2594","NFYA","MCM5"
"2595","MCM3","MCM5"
"2596","CDK1","MDM4"
"2597","YWHAB","MDM4"
"2598","YWHAG","MDM4"
"2599","YWHAZ","MDM4"
"2600","CSNK1A1","MDM4"
"2601","ARF1","MDM4"
"2602","GSK3B","FRAT1"
"2603","DVL1","FRAT1"
"2604","DVL2","FRAT1"
"2605","DVL3","FRAT1"
"2606","CDK7","PCGF6"
"2607","E2F4","PTPRB"
"2608","E2F5","PTPRB"
"2609","E2F1","PTPRB"
"2610","E2F2","PTPRB"
"2611","E2F3","PTPRB"
"2612","CTNNB1","PTPRB"
"2613","E2F4","SUZ12"
"2614","E2F1","SUZ12"
"2615","E2F2","SUZ12"
"2616","E2F3","SUZ12"
"2617","IGF2","SUZ12"
"2618","EZH2","SUZ12"
"2619","NFYA","SUZ12"
"2620","E2F4","SUPT4H1"
"2621","HTATSF1","SUPT4H1"
"2622","E2F4","AURKB"
"2623","ANKZF1","AURKB"
"2624","E2F4","CDCA7"
"2625","E2F1","CDCA7"
"2626","E2F4","DIRAS3"
"2627","E2F1","DIRAS3"
"2628","E2F4","RRM1"
"2629","E2F4","PCLAF"
"2630","E2F4","PLK4"
"2631","E2F4","TOPBP1"
"2632","E2F1","TOPBP1"
"2633","TCFL5","TOPBP1"
"2634","E2F4","TTK"
"2635","NFYA","TTK"
"2636","NFYC","TTK"
"2637","E2F4","F3"
"2638","FOS","F3"
"2639","EGR1","F3"
"2640","EGR2","F3"
"2641","JUNB","F3"
"2642","E2F4","TMPO"
"2643","E2F1","TMPO"
"2644","E2F2","TMPO"
"2645","E2F3","TMPO"
"2646","EGR1","TMPO"
"2647","NFYA","TMPO"
"2648","TCF3","TMPO"
"2649","E2F4","UBE2S"
"2650","E2F1","UBE2S"
"2651","E2F2","UBE2S"
"2652","E2F3","UBE2S"
"2653","EGR1","UBE2S"
"2654","NFYA","UBE2S"
"2655","NFYC","UBE2S"
"2656","E2F4","MKI67"
"2657","CBX3","MKI67"
"2658","E2F4","POLD1"
"2659","EGR1","POLD1"
"2660","E2F4","PRC1"
"2661","E2F4","PPIA"
"2662","E2F4","EIF4H"
"2663","E2F1","EIF4H"
"2664","EGR1","EIF4H"
"2665","E2F4","UNG"
"2666","E2F1","UNG"
"2667","E2F3","UNG"
"2668","NFYA","UNG"
"2669","E2F4","TRMT6"
"2670","E2F1","TRMT6"
"2671","E2F2","TRMT6"
"2672","E2F3","TRMT6"
"2673","EGR1","TRMT6"
"2674","NFYA","TRMT6"
"2675","E2F4","SMC3"
"2676","E2F1","SMC3"
"2677","E2F2","SMC3"
"2678","E2F3","SMC3"
"2679","E2F4","RANBP1"
"2680","E2F1","RANBP1"
"2681","EGR3","RANBP1"
"2682","E2F4","METTL3"
"2683","E2F1","METTL3"
"2684","E2F2","METTL3"
"2685","E2F3","METTL3"
"2686","E2F4","MEPCE"
"2687","E2F1","MEPCE"
"2688","E2F2","MEPCE"
"2689","E2F3","MEPCE"
"2690","EGR1","MEPCE"
"2691","BHLHE40","MEPCE"
"2692","E2F4","MAPRE1"
"2693","E2F1","MAPRE1"
"2694","E2F2","MAPRE1"
"2695","APC","MAPRE1"
"2696","E2F4","HMMR"
"2697","E2F4","CENPM"
"2698","E2F1","CENPM"
"2699","E2F2","CENPM"
"2700","E2F3","CENPM"
"2701","NFYA","CENPM"
"2702","E2F4","CSRNP1"
"2703","E2F1","CSRNP1"
"2704","FOSB","CSRNP1"
"2705","E2F4","CLIC1"
"2706","E2F1","CLIC1"
"2707","E2F2","CLIC1"
"2708","E2F3","CLIC1"
"2709","FOS","CLIC1"
"2710","TCF3","CLIC1"
"2711","E2F4","PRR14L"
"2712","E2F1","PRR14L"
"2713","EGR2","PRR14L"
"2714","EGR3","PRR14L"
"2715","E2F4","PABPC1"
"2716","E2F1","PABPC1"
"2717","EGR2","PABPC1"
"2718","EGR3","PABPC1"
"2719","E2F4","KDM6A"
"2720","E2F1","KDM6A"
"2721","E2F2","KDM6A"
"2722","E2F3","KDM6A"
"2723","FOS","KDM6A"
"2724","TLE1","KDM6A"
"2725","ZIC2","KDM6A"
"2726","E2F4","GINS1"
"2727","E2F1","GINS1"
"2728","E2F2","GINS1"
"2729","E2F3","GINS1"
"2730","E2F4","WRAP73"
"2731","E2F1","WRAP73"
"2732","EGR1","WRAP73"
"2733","E2F4","STAG1"
"2734","E2F1","STAG1"
"2735","E2F2","STAG1"
"2736","E2F3","STAG1"
"2737","SMAD2","STAG1"
"2738","TCF3","STAG1"
"2739","E2F4","RPS20"
"2740","E2F1","RPS20"
"2741","E2F2","RPS20"
"2742","E2F3","RPS20"
"2743","E2F4","RFC3"
"2744","RFC1","RFC3"
"2745","E2F4","PXMP2"
"2746","E2F1","PXMP2"
"2747","E2F2","PXMP2"
"2748","E2F3","PXMP2"
"2749","E2F4","POLE2"
"2750","E2F1","POLE2"
"2751","TLE1","POLE2"
"2752","E2F4","MSH6"
"2753","E2F1","MSH6"
"2754","E2F2","MSH6"
"2755","E2F3","MSH6"
"2756","EGR1","MSH6"
"2757","NFYA","MSH6"
"2758","NFYC","MSH6"
"2759","E2F4","KIAA1143"
"2760","E2F1","KIAA1143"
"2761","E2F2","KIAA1143"
"2762","E2F3","KIAA1143"
"2763","E2F4","HAT1"
"2764","E2F1","HAT1"
"2765","E2F2","HAT1"
"2766","E2F3","HAT1"
"2767","E2F4","GPR158"
"2768","E2F1","GPR158"
"2769","E2F4","GMNN"
"2770","E2F5","GMNN"
"2771","E2F1","GMNN"
"2772","E2F2","GMNN"
"2773","E2F3","GMNN"
"2774","MCM6","GMNN"
"2775","E2F4","DTL"
"2776","E2F1","DTL"
"2777","E2F2","DTL"
"2778","E2F3","DTL"
"2779","FOS","DTL"
"2780","NFYA","DTL"
"2781","E2F4","DHX9"
"2782","E2F1","DHX9"
"2783","ILF3","DHX9"
"2784","DDX20","DHX9"
"2785","SNRPB","DHX9"
"2786","SSRP1","DHX9"
"2787","E2F4","ARL6IP6"
"2788","E2F1","ARL6IP6"
"2789","E2F3","ARL6IP6"
"2790","EGR1","ARL6IP6"
"2791","NFYA","ARL6IP6"
"2792","TCF3","ARL6IP6"
"2793","E2F4","BUB3"
"2794","HDAC1","BUB3"
"2795","HDAC2","BUB3"
"2796","NFYA","BUB3"
"2797","ZIC2","BUB3"
"2798","E2F4","RUSC1"
"2799","E2F1","RUSC1"
"2800","TCF3","RUSC1"
"2801","E2F4","TMEM53"
"2802","E2F1","TMEM53"
"2803","E2F3","TMEM53"
"2804","NFYA","TMEM53"
"2805","POU2F1","TMEM53"
"2806","E2F4","PRIM2"
"2807","E2F1","PRIM2"
"2808","E2F4","GON4L"
"2809","E2F1","GON4L"
"2810","POU2F1","GON4L"
"2811","E2F4","EFCAB7"
"2812","E2F1","EFCAB7"
"2813","EGR1","EFCAB7"
"2814","E2F4","MRPL49"
"2815","E2F1","MRPL49"
"2816","E2F3","MRPL49"
"2817","EGR1","MRPL49"
"2818","NFYA","MRPL49"
"2819","NFYC","MRPL49"
"2820","E2F4","TCP1"
"2821","E2F1","TCP1"
"2822","E2F3","TCP1"
"2823","EGR1","TCP1"
"2824","NFYA","TCP1"
"2825","E2F4","RPL23A"
"2826","NFYA","RPL23A"
"2827","E2F4","NEK2"
"2828","E2F1","NEK2"
"2829","FOS","NEK2"
"2830","E2F4","MZT1"
"2831","E2F1","MZT1"
"2832","E2F2","MZT1"
"2833","E2F3","MZT1"
"2834","EGR1","MZT1"
"2835","NFYA","MZT1"
"2836","E2F4","CYP2R1"
"2837","E2F1","CYP2R1"
"2838","E2F2","CYP2R1"
"2839","E2F3","CYP2R1"
"2840","NFYA","CYP2R1"
"2841","E2F4","ARHGAP11A"
"2842","E2F1","ARHGAP11A"
"2843","E2F2","ARHGAP11A"
"2844","E2F3","ARHGAP11A"
"2845","NFYA","ARHGAP11A"
"2846","E2F4","AGBL5"
"2847","E2F1","AGBL5"
"2848","E2F2","AGBL5"
"2849","E2F3","AGBL5"
"2850","NFYA","AGBL5"
"2851","E2F4","TSNAX"
"2852","PBXIP1","TSNAX"
"2853","E2F4","RFC4"
"2854","HDAC1","RFC4"
"2855","E2F4","PLSCR4"
"2856","TRIP13","PLSCR4"
"2857","E2F4","NR2C2AP"
"2858","E2F1","NR2C2AP"
"2859","NR2C2","NR2C2AP"
"2860","E2F4","NCBP2"
"2861","E2F1","NCBP2"
"2862","E2F2","NCBP2"
"2863","E2F3","NCBP2"
"2864","E2F4","GPAA1"
"2865","E2F1","GPAA1"
"2866","E2F4","FEN1"
"2867","E2F1","FEN1"
"2868","E2F4","FARS2"
"2869","E2F1","FARS2"
"2870","E2F2","FARS2"
"2871","E2F3","FARS2"
"2872","EGR1","FARS2"
"2873","E2F4","DRG1"
"2874","E2F4","DCTPP1"
"2875","E2F1","DCTPP1"
"2876","E2F4","COL4A1"
"2877","E2F4","CALM1"
"2878","E2F1","CALM1"
"2879","ESR1","CALM1"
"2880","EGR3","CALM1"
"2881","TCF3","CALM1"
"2882","E2F4","ANLN"
"2883","E2F4","BMPR1B"
"2884","E2F1","BMPR1B"
"2885","E2F2","BMPR1B"
"2886","E2F3","BMPR1B"
"2887","HSF2","BMPR1B"
"2888","E2F4","GJB2"
"2889","ETV4","GJB2"
"2890","E2F4","TSPAN7"
"2891","E2F1","TSPAN7"
"2892","ESR1","TSPAN7"
"2893","E2F4","AP1S1"
"2894","E2F1","AP1S1"
"2895","E2F2","AP1S1"
"2896","E2F3","AP1S1"
"2897","EGR2","AP1S1"
"2898","EGR3","AP1S1"
"2899","E2F4","TBL2"
"2900","EGR1","TBL2"
"2901","E2F4","RBM28"
"2902","E2F1","RBM28"
"2903","EGR1","RBM28"
"2904","E2F4","NSFL1C"
"2905","E2F1","NSFL1C"
"2906","EGR1","NSFL1C"
"2907","TARDBP","NSFL1C"
"2908","E2F4","MYOZ3"
"2909","E2F1","MYOZ3"
"2910","E2F2","MYOZ3"
"2911","E2F3","MYOZ3"
"2912","EGR1","MYOZ3"
"2913","E2F4","METTL15"
"2914","E2F1","METTL15"
"2915","E2F2","METTL15"
"2916","E2F3","METTL15"
"2917","EGR1","METTL15"
"2918","E2F4","GALNT11"
"2919","E2F1","GALNT11"
"2920","EGR1","GALNT11"
"2921","E2F4","DENR"
"2922","E2F1","DENR"
"2923","E2F2","DENR"
"2924","E2F3","DENR"
"2925","EGR1","DENR"
"2926","E2F4","CNOT10"
"2927","E2F1","CNOT10"
"2928","EGR1","CNOT10"
"2929","E2F4","TUFT1"
"2930","E2F1","TUFT1"
"2931","E2F2","TUFT1"
"2932","E2F3","TUFT1"
"2933","E2F4","TACC3"
"2934","E2F1","TACC3"
"2935","TTF2","TACC3"
"2936","E2F4","SORL1"
"2937","E2F1","SORL1"
"2938","E2F4","SETD2"
"2939","E2F1","SETD2"
"2940","E2F2","SETD2"
"2941","E2F3","SETD2"
"2942","E2F4","SAP30L"
"2943","E2F1","SAP30L"
"2944","E2F2","SAP30L"
"2945","E2F3","SAP30L"
"2946","E2F4","PRRC2C"
"2947","E2F1","PRRC2C"
"2948","E2F4","NPY1R"
"2949","E2F1","NPY1R"
"2950","E2F4","MRPL24"
"2951","E2F1","MRPL24"
"2952","E2F4","MELK"
"2953","E2F1","MELK"
"2954","E2F4","CLTA"
"2955","E2F1","CLTA"
"2956","E2F4","CHRDL1"
"2957","E2F1","CHRDL1"
"2958","E2F4","CBX1"
"2959","E2F1","CBX1"
"2960","DNMT3A","CBX1"
"2961","TRIM28","CBX1"
"2962","CBX3","CBX1"
"2963","TRIM24","CBX1"
"2964","E2F4","CAPRIN1"
"2965","E2F1","CAPRIN1"
"2966","E2F4","BAP1"
"2967","E2F1","BAP1"
"2968","E2F2","BAP1"
"2969","E2F3","BAP1"
"2970","E2F4","STAM"
"2971","E2F1","STAM"
"2972","E2F4","SMC2"
"2973","E2F4","RPS4X"
"2974","MCM2","RPS4X"
"2975","E2F4","G6PD"
"2976","E2F4","CSE1L"
"2977","E2F4","CENPE"
"2978","ATF5","CENPE"
"2979","E2F4","CDC37L1"
"2980","E2F5","LOXL2"
"2981","E2F1","FBXO5"
"2982","CDC20","FBXO5"
"2983","E2F1","GTF2H4"
"2984","FOS","GTF2H4"
"2985","ERCC3","GTF2H4"
"2986","E2F1","MATR3"
"2987","EGR2","MATR3"
"2988","EGR3","MATR3"
"2989","TTF2","MATR3"
"2990","E2F1","MCM8"
"2991","EGR1","MCM8"
"2992","E2F1","POLR3F"
"2993","BDP1","POLR3F"
"2994","ZIC2","POLR3F"
"2995","E2F1","TUBA1B"
"2996","RILP","TUBA1B"
"2997","DYNC1H1","TUBA1B"
"2998","DYNC1I2","TUBA1B"
"2999","DYNLL1","TUBA1B"
"3000","DCTN2","TUBA1B"
"3001","DCTN4","TUBA1B"
"3002","EGR1","TUBA1B"
"3003","E2F1","MEFV"
"3004","RPS6KA3","MEFV"
"3005","PKN1","MEFV"
"3006","E2F1","ATAD2"
"3007","EGR1","ATAD2"
"3008","E2F1","CDAN1"
"3009","E2F1","DROSHA"
"3010","NFYA","DROSHA"
"3011","E2F1","ECT2"
"3012","NFYA","ECT2"
"3013","E2F1","GINS3"
"3014","E2F1","ISYNA1"
"3015","EGR1","ISYNA1"
"3016","TCF3","ISYNA1"
"3017","E2F1","KIF2C"
"3018","EGR2","KIF2C"
"3019","EGR3","KIF2C"
"3020","E2F1","MT1G"
"3021","E2F1","NOX4"
"3022","E2F1","PCSK6"
"3023","FOS","PCSK6"
"3024","ETV4","PCSK6"
"3025","FOSB","PCSK6"
"3026","JUNB","PCSK6"
"3027","E2F1","RACGAP1"
"3028","E2F1","SLC2A3"
"3029","E2F2","SLC2A3"
"3030","HMGA1","SLC2A3"
"3031","E2F1","IPO7"
"3032","E2F1","PTBP1"
"3033","NFYA","PTBP1"
"3034","E2F1","IDE"
"3035","NRF1","IDE"
"3036","E2F1","EXO1"
"3037","TCF3","EXO1"
"3038","E2F1","NCL"
"3039","NFYA","NCL"
"3040","NPM1","NCL"
"3041","SSB","NCL"
"3042","E2F1","TATDN2"
"3043","NFYA","TATDN2"
"3044","E2F1","SCML2"
"3045","E2F1","PCID2"
"3046","E2F1","NAP1L1"
"3047","E2F1","FASTK"
"3048","E2F1","DLEU2"
"3049","E2F1","DCK"
"3050","NFYA","DCK"
"3051","E2F1","LRRC42"
"3052","EGR2","LRRC42"
"3053","EGR3","LRRC42"
"3054","E2F1","ANKH"
"3055","EGR2","ANKH"
"3056","E2F1","SEPHS1"
"3057","E2F1","ANKRD27"
"3058","E2F1","GAS1"
"3059","E2F1","TMEM106C"
"3060","TCF3","TMEM106C"
"3061","E2F1","PYGO2"
"3062","TCF3","PYGO2"
"3063","E2F1","SHB"
"3064","E2F1","HSPA14"
"3065","DNAJC2","HSPA14"
"3066","E2F1","ACYP2"
"3067","POU2F1","ACYP2"
"3068","E2F1","ACSL1"
"3069","E2F2","ACSL1"
"3070","POU2F1","ACSL1"
"3071","E2F1","VPS35"
"3072","NFYA","VPS35"
"3073","E2F1","USP1"
"3074","E2F2","USP1"
"3075","EGR1","USP1"
"3076","EGR2","USP1"
"3077","E2F1","TBCC"
"3078","NFYA","TBCC"
"3079","E2F1","STIL"
"3080","NFYA","STIL"
"3081","E2F1","RBM10"
"3082","NFYA","RBM10"
"3083","E2F1","PHF20"
"3084","NFYA","PHF20"
"3085","E2F1","MSTO1"
"3086","EGR1","MSTO1"
"3087","NFYA","MSTO1"
"3088","E2F1","LBR"
"3089","NFYA","LBR"
"3090","E2F1","IGF2BP3"
"3091","EGR1","IGF2BP3"
"3092","E2F1","HBA2"
"3093","NFYA","HBA2"
"3094","E2F1","CYGB"
"3095","NFYA","CYGB"
"3096","E2F1","C5orf22"
"3097","NFYA","C5orf22"
"3098","WBP11","C5orf22"
"3099","E2F1","ARHGAP19"
"3100","FOS","ARHGAP19"
"3101","NFYA","ARHGAP19"
"3102","E2F1","ANP32E"
"3103","NFYA","ANP32E"
"3104","E2F1","YY1AP1"
"3105","E2F1","WDSUB1"
"3106","E2F1","USP14"
"3107","E2F1","TXLNG"
"3108","E2F1","TUBG1"
"3109","E2F1","SLC41A3"
"3110","FOS","SLC41A3"
"3111","E2F1","MFSD5"
"3112","E2F1","MFAP1"
"3113","E2F1","MAP7"
"3114","E2F1","LMNB1"
"3115","E2F1","KIF11"
"3116","E2F1","HSDL1"
"3117","EGR1","HSDL1"
"3118","E2F1","HNRNPR"
"3119","E2F1","HMGN4"
"3120","E2F1","GGT5"
"3121","E2F1","FABP5"
"3122","E2F1","DYM"
"3123","E2F1","CIZ1"
"3124","E2F1","CANX"
"3125","E2F1","C11orf54"
"3126","E2F2","C11orf54"
"3127","TRIP13","C11orf54"
"3128","E2F1","ADNP"
"3129","E2F1","DOCK5"
"3130","FOS","DOCK5"
"3131","E2F1","OAS2"
"3132","E2F2","OAS2"
"3133","ETV4","OAS2"
"3134","E2F1","LSM2"
"3135","EGR2","LSM2"
"3136","EGR3","LSM2"
"3137","E2F1","TBC1D13"
"3138","EGR1","TBC1D13"
"3139","E2F1","RPLP2"
"3140","EGR1","RPLP2"
"3141","E2F1","RCC2"
"3142","EGR1","RCC2"
"3143","E2F1","PCBP2"
"3144","EGR1","PCBP2"
"3145","YBX1","PCBP2"
"3146","HNRNPK","PCBP2"
"3147","E2F1","MANEAL"
"3148","EGR1","MANEAL"
"3149","E2F1","EIF4A3"
"3150","EGR1","EIF4A3"
"3151","E2F1","CENPJ"
"3152","EGR1","CENPJ"
"3153","E2F1","SLC25A37"
"3154","E2F1","LNPEP"
"3155","E2F1","UTRN"
"3156","E2F2","UTRN"
"3157","E2F1","RDH16"
"3158","E2F2","RDH16"
"3159","E2F1","ZMYND19"
"3160","E2F1","ZMYM1"
"3161","E2F1","WDR70"
"3162","E2F1","WAC"
"3163","E2F1","UBAP2"
"3164","E2F1","THOC5"
"3165","E2F1","SNHG6"
"3166","E2F1","SNHG1"
"3167","E2F1","SNAPIN"
"3168","SMAD2","SNAPIN"
"3169","KAT7","SNAPIN"
"3170","E2F1","SLC28A1"
"3171","E2F1","SESTD1"
"3172","E2F1","SAMD11"
"3173","E2F1","RPL10A"
"3174","E2F1","RBMX2"
"3175","E2F1","RANGRF"
"3176","E2F1","PPM1G"
"3177","E2F1","PIGU"
"3178","E2F1","PDCL"
"3179","E2F1","PARP12"
"3180","E2F1","OLFML3"
"3181","E2F1","NPC1"
"3182","E2F1","MT1X"
"3183","E2F1","MRPS23"
"3184","E2F1","MBNL3"
"3185","E2F1","LRRC1"
"3186","E2F1","LRR1"
"3187","E2F1","LIN9"
"3188","E2F1","ITIH1"
"3189","E2F1","HPS4"
"3190","E2F1","G3BP1"
"3191","E2F1","FBLIM1"
"3192","E2F1","FAM83B"
"3193","E2F1","EDIL3"
"3194","E2F1","DENND5A"
"3195","E2F1","CRTAP"
"3196","E2F1","CNIH4"
"3197","E2F1","CENPH"
"3198","E2F1","CDT1"
"3199","E2F1","CCDC93"
"3200","E2F1","CASK"
"3201","E2F1","ANP32B"
"3202","E2F1","ACOT4"
"3203","E2F1","AADAT"
"3204","E2F2","EPM2A"
"3205","E2F2","NSF"
"3206","E2F3","NSF"
"3207","EGR3","NSF"
"3208","TCF3","NSF"
"3209","E2F2","SMC4"
"3210","E2F2","CDCA3"
"3211","NFYC","CDCA3"
"3212","E2F2","DCAF7"
"3213","EGR1","DCAF7"
"3214","E2F2","RHOBTB1"
"3215","E2F2","TRMT12"
"3216","HSF2","TRMT12"
"3217","E2F2","CA2"
"3218","FOS","CA2"
"3219","ANKZF1","CA2"
"3220","NONO","CA2"
"3221","E2F2","PHYHIPL"
"3222","E2F2","COPS6"
"3223","E2F2","APIP"
"3224","E2F2","GCHFR"
"3225","E2F2","ACTR6"
"3226","HDAC1","MMP9"
"3227","FOS","MMP9"
"3228","SMAD3","MMP9"
"3229","ETS2","MMP9"
"3230","ETV4","MMP9"
"3231","FOSB","MMP9"
"3232","JUNB","MMP9"
"3233","MAZ","MMP9"
"3234","HDAC1","APOC3"
"3235","SMAD3","APOC3"
"3236","HDAC1","MICB"
"3237","ESR1","MICB"
"3238","HDAC1","CD1D"
"3239","HDAC2","CD1D"
"3240","LEF1","CD1D"
"3241","HDAC1","CD82"
"3242","JUNB","CD82"
"3243","HDAC1","DEFB1"
"3244","HDAC1","CDYL"
"3245","HDAC2","CDYL"
"3246","EGR2","CDYL"
"3247","EGR3","CDYL"
"3248","HDAC1","KDM1A"
"3249","HDAC2","HIF1AN"
"3250","PPP1CC","TRPM8"
"3251","RBSN","VPS45"
"3252","PRKAA2","ACACA"
"3253","PRKAG2","ACACA"
"3254","PRKAB1","ACACA"
"3255","PRKAB2","ACACA"
"3256","PRKAA2","ACACB"
"3257","PRKAG2","ACACB"
"3258","PRKAB1","ACACB"
"3259","PRKAB2","ACACB"
"3260","PRKAG1","ACACB"
"3261","DVL1","FRAT2"
"3262","RPS6KB1","EIF4B"
"3263","RPS6KB2","EIF4B"
"3264","PRKAG2","ADIPOR1"
"3265","FOS","ADIPOR1"
"3266","FOS","PCK2"
"3267","EGR1","PCK2"
"3268","FOS","TFPI2"
"3269","EGR1","TFPI2"
"3270","JUNB","TFPI2"
"3271","POU2F1","TFPI2"
"3272","FOS","NTF3"
"3273","TCF3","NTF3"
"3274","FOS","ADRA1B"
"3275","ATF5","ADRA1B"
"3276","JUNB","ADRA1B"
"3277","FOS","SNX27"
"3278","EGR1","SNX27"
"3279","EGR3","SNX27"
"3280","FOS","FAF1"
"3281","FOSB","FAF1"
"3282","JUNB","FAF1"
"3283","FOS","AQP1"
"3284","FOSB","AQP1"
"3285","JUNB","AQP1"
"3286","FOS","ZG16"
"3287","TCF3","ZG16"
"3288","FOS","MT2A"
"3289","POU2F1","MT2A"
"3290","FOS","MAP2"
"3291","FOSB","MAP2"
"3292","JUNB","MAP2"
"3293","POU2F1","MAP2"
"3294","FOS","LIFR"
"3295","EGR1","LIFR"
"3296","POU2F1","LIFR"
"3297","FOS","KCNMB2"
"3298","FOSB","KCNMB2"
"3299","JUNB","KCNMB2"
"3300","POU2F1","KCNMB2"
"3301","FOS","FXYD2"
"3302","NR3C2","FXYD2"
"3303","FOS","ANK3"
"3304","SMAD2","ANK3"
"3305","SMAD3","ANK3"
"3306","FOSB","ANK3"
"3307","JUNB","ANK3"
"3308","NFYA","ANK3"
"3309","NFYC","ANK3"
"3310","FOS","NEU1"
"3311","NFYA","NEU1"
"3312","FOS","KIF14"
"3313","FOSB","KIF14"
"3314","JUNB","KIF14"
"3315","NFYA","KIF14"
"3316","FOS","ETFDH"
"3317","NFYA","ETFDH"
"3318","FOS","SRXN1"
"3319","EGR1","SRXN1"
"3320","JUNB","SRXN1"
"3321","FOS","SRPK2"
"3322","FOSB","SRPK2"
"3323","JUNB","SRPK2"
"3324","FOS","QSER1"
"3325","FOSB","QSER1"
"3326","JUNB","QSER1"
"3327","FOS","PCDHGA4"
"3328","FOSB","PCDHGA4"
"3329","JUNB","PCDHGA4"
"3330","FOS","KAZN"
"3331","COIL","KAZN"
"3332","FOS","INPP5A"
"3333","FOS","EEF1D"
"3334","FOS","DUS4L"
"3335","FOSB","DUS4L"
"3336","JUNB","DUS4L"
"3337","FOS","C6orf62"
"3338","FOSB","C6orf62"
"3339","FOS","B3GALNT2"
"3340","EGR1","B3GALNT2"
"3341","FOS","SLC34A2"
"3342","FOSB","SLC34A2"
"3343","JUNB","SLC34A2"
"3344","FOS","CHST4"
"3345","FOSB","CHST4"
"3346","FOS","UNKL"
"3347","EGR1","UNKL"
"3348","FOS","PTPN3"
"3349","EGR2","PTPN3"
"3350","EGR3","PTPN3"
"3351","FOS","PIWIL4"
"3352","FOS","PHF20L1"
"3353","FOS","MFSD6"
"3354","FOS","KIF20A"
"3355","FOS","GPATCH1"
"3356","FOS","DNASE1L3"
"3357","FOS","DNAJC6"
"3358","FOS","CHCHD2"
"3359","FOS","CAP2"
"3360","FOS","CACYBP"
"3361","FOS","ABHD2"
"3362","CCNE1","TCF19"
"3363","NFYA","TCF19"
"3364","TCF7L2","STARD7"
"3365","CTNNB1","STARD7"
"3366","NFYA","STARD7"
"3367","NFYC","STARD7"
"3368","RUVBL1","DKC1"
"3369","EGR1","DKC1"
"3370","RUVBL1","PLG"
"3371","APC","F8"
"3372","CTNNB1","PTPN13"
"3373","BRD7","PTPN13"
"3374","SMAD2","UBR5"
"3375","SMAD2","STAMBP"
"3376","ATF5","STAMBP"
"3377","EGR2","STAMBP"
"3378","EGR3","STAMBP"
"3379","CTNNBL1","STAMBP"
"3380","SMAD2","RHOD"
"3381","EGR1","RHOD"
"3382","SMAD2","ANTXR2"
"3383","SMAD3","RPLP0"
"3384","EZH2","RPLP0"
"3385","SMAD3","SVEP1"
"3386","TCF3","SVEP1"
"3387","SMAD3","EIF4ENIF1"
"3388","ACTB","WASF1"
"3389","ACTB","WAS"
"3390","ACTB","ACTR3C"
"3391","ACTB","CTNNA1"
"3392","ACTG1","CTNNA1"
"3393","ACTB","ARHGAP10"
"3394","ACTB","MYO1B"
"3395","ACTB","MYO5A"
"3396","ACTB","ITGA9"
"3397","CSNK2A1","CUX2"
"3398","ESR1","REXO4"
"3399","ESR1","RNF4"
"3400","HMGA1","RNF4"
"3401","NFYA","RNF4"
"3402","ESR1","ZNF398"
"3403","EGR1","ZNF398"
"3404","ESR1","C3"
"3405","CFI","C3"
"3406","ESR1","CXCL12"
"3407","ESR1","UTP18"
"3408","ESR1","ZMAT2"
"3409","HSF2","ZMAT2"
"3410","TCF3","ZMAT2"
"3411","ESR1","UBQLN4"
"3412","SMARCB1","UBQLN4"
"3413","EGR1","UBQLN4"
"3414","POU2F1","UBQLN4"
"3415","TCF3","UBQLN4"
"3416","MLLT6","UBQLN4"
"3417","PBXIP1","UBQLN4"
"3418","RNPS1","UBQLN4"
"3419","TRIM32","UBQLN4"
"3420","ESR1","NUDT19"
"3421","ESR1","MRPL43"
"3422","ESR1","IFNAR1"
"3423","ESR1","GPSM2"
"3424","ESR1","ZMYM3"
"3425","ESR1","SLCO4C1"
"3426","EGR1","SLCO4C1"
"3427","ESR1","NDRG2"
"3428","ESR1","MDK"
"3429","ESR1","LTF"
"3430","ESR1","KCNH7"
"3431","ESR1","FAM166A"
"3432","ESR1","EEF1G"
"3433","HLTF","EEF1G"
"3434","ILF2","EEF1G"
"3435","ESR1","CILP"
"3436","ESR1","C1orf74"
"3437","ESR1","APBB3"
"3438","ESR1","CUL4B"
"3439","DDB2","CUL4B"
"3440","EXOC2","EXOC4"
"3441","SERPING1","C1R"
"3442","MRC1","IL10"
"3443","MRC2","IL10"
"3444","CLEC4M","IL10"
"3445","ETS2","CD163"
"3446","ETS2","VWF"
"3447","POU2F1","VWF"
"3448","ETS2","CD4"
"3449","MAZ","CD4"
"3450","TCF3","CD4"
"3451","ETS2","NAE1"
"3452","ETS2","CD34"
"3453","NFE2L2","HMOX1"
"3454","NFE2L2","CFTR"
"3455","NFE2L2","HBB"
"3456","NFYA","HBB"
"3457","NFYC","HBB"
"3458","NFE2L2","PMF1"
"3459","EGR1","PMF1"
"3460","NFE2L2","COPS7A"
"3461","EGR1","COPS7A"
"3462","SMARCB1","DPF3"
"3463","SMARCC2","BAZ1B"
"3464","SMARCE1","BAZ1B"
"3465","SMARCC2","ITSN1"
"3466","POU2F1","ITSN1"
"3467","PHF10","UTP14A"
"3468","SMARCD1","FEZ1"
"3469","BARD1","FEZ1"
"3470","POU2F1","FEZ1"
"3471","HTATSF1","FEZ1"
"3472","SMARCD1","LDOC1"
"3473","AATF","LDOC1"
"3474","AATF","POLR2J"
"3475","ATF5","SAFB2"
"3476","ATF5","HNRNPA2B1"
"3477","TTF2","HNRNPA2B1"
"3478","ATF5","CEP55"
"3479","TSG101","CEP55"
"3480","ATF5","PFDN6"
"3481","NFYA","PFDN6"
"3482","ATF5","ENOPH1"
"3483","EGR1","ENOPH1"
"3484","NFYA","ENOPH1"
"3485","NFYC","ENOPH1"
"3486","BHLHE40","ENOPH1"
"3487","ATF5","ADK"
"3488","NFYA","ADK"
"3489","ATF5","PHACTR3"
"3490","TCF3","PHACTR3"
"3491","ATF5","RNF44"
"3492","POU2F1","RNF44"
"3493","ATF5","ONECUT2"
"3494","ATF5","LOX"
"3495","ETV4","LOX"
"3496","POU2F1","LOX"
"3497","ATF5","FGF13"
"3498","POU2F1","FGF13"
"3499","ATF5","KLF13"
"3500","EGR1","KLF13"
"3501","NFYA","KLF13"
"3502","ATF5","UCK2"
"3503","ATF5","NUDT3"
"3504","ATF5","KRTCAP2"
"3505","ATF5","CIRBP-AS1"
"3506","ATF5","ACBD4"
"3507","ATF5","CDKL5"
"3508","ATF5","TSPYL1"
"3509","ATF5","RAD51C"
"3510","ATF5","HHIP"
"3511","ATF5","FBXO4"
"3512","ATF5","ZWILCH"
"3513","KNTC1","ZWILCH"
"3514","ATF5","PEX5"
"3515","ATF5","LPP"
"3516","ATF5","DNAJC9"
"3517","ATF5","KLHL12"
"3518","BHLHE40","KLHL12"
"3519","ATF5","ZNF746"
"3520","ATF5","ZNF711"
"3521","ATF5","TAPT1"
"3522","ATF5","TAF2"
"3523","TAF4","TAF2"
"3524","TAF5","TAF2"
"3525","TAF12","TAF2"
"3526","TAF6","TAF2"
"3527","ATF5","SLC5A7"
"3528","ATF5","RPS27"
"3529","ATF5","NEDD1"
"3530","ATF5","MCAM"
"3531","ATF5","IGF2BP2"
"3532","ATF5","GGNBP2"
"3533","BRCA1","ASPM"
"3534","BRD7","RPLP1"
"3535","NFYA","RPLP1"
"3536","XRCC6","RPLP1"
"3537","DNMT1","PROM1"
"3538","DNMT3A","SUV39H1"
"3539","RBBP7","SUV39H1"
"3540","DR1","POLE3"
"3541","EGR1","RAD21"
"3542","EGR1","TBXA2R"
"3543","EGR1","DCAF11"
"3544","EGR3","DCAF11"
"3545","NFYA","DCAF11"
"3546","NFYC","DCAF11"
"3547","EGR1","SLC7A8"
"3548","NFYA","SLC7A8"
"3549","NFYC","SLC7A8"
"3550","EGR1","PHF6"
"3551","NFYA","PHF6"
"3552","NFYC","PHF6"
"3553","POU2F1","PHF6"
"3554","EGR1","CASP2"
"3555","NFYA","CASP2"
"3556","NFYC","CASP2"
"3557","EGR1","CAND1"
"3558","NFYA","CAND1"
"3559","NFYC","CAND1"
"3560","POU2F1","CAND1"
"3561","CNOT3","CAND1"
"3562","EGR1","SRD5A1"
"3563","EGR1","REPIN1"
"3564","EGR1","PLOD3"
"3565","EGR1","GNS"
"3566","EGR1","ALDH18A1"
"3567","EGR1","TIGD2"
"3568","EGR1","MORC2"
"3569","EGR2","MORC2"
"3570","EGR3","MORC2"
"3571","NFYA","MORC2"
"3572","EGR1","DSTYK"
"3573","EGR1","ZNF189"
"3574","ZIC2","ZNF189"
"3575","EGR1","SMPD1"
"3576","EGR1","STK39"
"3577","TCF3","STK39"
"3578","EGR1","SLC5A5"
"3579","TCF3","SLC5A5"
"3580","EGR1","IQSEC1"
"3581","TCF3","IQSEC1"
"3582","EGR1","GAS5"
"3583","TCF3","GAS5"
"3584","EGR1","INTS10"
"3585","POU2F1","INTS10"
"3586","EGR1","DSE"
"3587","POU2F1","DSE"
"3588","EGR1","DHX35"
"3589","POU2F1","DHX35"
"3590","EGR1","CENPQ"
"3591","POU2F1","CENPQ"
"3592","EGR1","C1orf43"
"3593","POU2F1","C1orf43"
"3594","EGR1","ATG12"
"3595","POU2F1","ATG12"
"3596","EGR1","SLC25A6"
"3597","EGR1","RPS2"
"3598","EGR1","RPL18"
"3599","EGR1","NIPAL3"
"3600","EGR1","NCAPG2"
"3601","NFYA","NCAPG2"
"3602","EGR1","MRPL51"
"3603","NFYA","MRPL51"
"3604","EGR1","LCMT1"
"3605","NFYA","LCMT1"
"3606","EGR1","KIF18A"
"3607","NFYA","KIF18A"
"3608","EGR1","HNRNPL"
"3609","EGR3","HNRNPL"
"3610","NFYA","HNRNPL"
"3611","HNRNPK","HNRNPL"
"3612","EGR1","GM2A"
"3613","EGR1","GGCT"
"3614","NFYA","GGCT"
"3615","EGR1","GBAP1"
"3616","EGR1","FAM98C"
"3617","NFYA","FAM98C"
"3618","EGR1","EXOSC1"
"3619","EGR1","DLGAP5"
"3620","NFYA","DLGAP5"
"3621","EGR1","CCT6A"
"3622","NFYA","CCT6A"
"3623","EGR1","AIG1"
"3624","NFYA","AIG1"
"3625","EGR1","ZNF740"
"3626","EGR1","ZFP62"
"3627","EGR1","ZBTB37"
"3628","EGR1","XPOT"
"3629","EGR1","WRNIP1"
"3630","EGR1","USH1G"
"3631","EGR1","TXNL4A"
"3632","PQBP1","TXNL4A"
"3633","EGR1","STK25"
"3634","EGR1","SQLE"
"3635","EGR1","SLC39A10"
"3636","EGR1","SLC36A1"
"3637","EGR1","SLC27A5"
"3638","EGR1","RPS24"
"3639","EGR1","RPL9"
"3640","EGR1","PUS7"
"3641","EGR1","PRDM15"
"3642","EGR1","PHIP"
"3643","EGR1","PFDN2"
"3644","EGR1","PAXIP1"
"3645","EGR1","NOM1"
"3646","EGR1","NOL11"
"3647","EGR1","MRPL23"
"3648","EGR1","MIS18A"
"3649","EGR1","LY6E"
"3650","EGR1","KIFC1"
"3651","EGR1","KIF2A"
"3652","EGR1","ISG20L2"
"3653","EGR1","INHBC"
"3654","EGR1","IER2"
"3655","EGR1","GNPAT"
"3656","EGR1","FOXK1"
"3657","EGR1","EIF2B1"
"3658","EGR1","EARS2"
"3659","EGR1","DNAJC5"
"3660","EGR1","CEP63"
"3661","EGR1","CENPN"
"3662","EGR1","CCDC137"
"3663","EGR1","C1orf216"
"3664","EGR1","BZW2"
"3665","EGR1","ADAR"
"3666","EGR1","YEATS2"
"3667","HSF2","YEATS2"
"3668","EGR1","NOSIP"
"3669","HSF2","NOSIP"
"3670","EGR1","NCAPD2"
"3671","HSF2","NCAPD2"
"3672","EGR1","CCT4"
"3673","HSF2","CCT4"
"3674","EGR1","ZNF652"
"3675","EGR1","ZNF445"
"3676","EGR1","ZNF3"
"3677","EGR1","ZNF280C"
"3678","EGR1","ZDHHC16"
"3679","EGR1","ZBTB41"
"3680","EGR1","YTHDF3"
"3681","EGR1","WDHD1"
"3682","EGR1","VPS13B"
"3683","EGR1","USP22"
"3684","EGR1","UBXN2B"
"3685","EGR1","UBXN1"
"3686","EGR1","UBE3B"
"3687","EGR1","UBE2N"
"3688","EGR1","UBA2"
"3689","EGR1","TTPAL"
"3690","EGR1","TRMT1"
"3691","EGR1","TRIM10"
"3692","EGR1","TMSB10"
"3693","EGR1","TIGD1"
"3694","EGR1","TF"
"3695","EGR1","TARBP1"
"3696","EGR1","STRBP"
"3697","EGR1","STK24"
"3698","EGR1","SOCS7"
"3699","EGR1","SLC9A9"
"3700","EGR1","SLC27A2"
"3701","EGR1","SCGB3A1"
"3702","EGR1","SCARB2"
"3703","EGR1","SASS6"
"3704","EGR1","RUFY1"
"3705","EGR1","RNF144A"
"3706","EGR1","RCAN1"
"3707","EGR1","RAB20"
"3708","EGR1","PUS10"
"3709","EGR1","POGZ"
"3710","EGR1","PLIN5"
"3711","EGR1","OGDHL"
"3712","EGR1","NUP210"
"3713","EGR1","NUP133"
"3714","EGR1","NRBP1"
"3715","EGR1","NFRKB"
"3716","EGR1","NAF1"
"3717","EGR1","MRPL55"
"3718","EGR1","METTL5"
"3719","EGR1","MAN1C1"
"3720","EGR1","LYRM4"
"3721","EGR1","LONP2"
"3722","EGR1","LENG8"
"3723","EGR1","KIAA0232"
"3724","EGR1","JRKL"
"3725","EGR1","INTS4"
"3726","EGR1","HMGCL"
"3727","EGR1","HACE1"
"3728","EGR1","GREM2"
"3729","EGR1","GPR107"
"3730","EGR1","GLYAT"
"3731","EGR1","GCKR"
"3732","EGR1","FNDC4"
"3733","EGR1","FIGNL1"
"3734","EGR1","FAM168A"
"3735","EGR1","DPM3"
"3736","EGR1","DONSON"
"3737","EGR1","DNALI1"
"3738","EGR1","DNAH14"
"3739","EGR1","DCUN1D3"
"3740","EGR1","CTDSP2"
"3741","EGR1","CRNDE"
"3742","EGR1","CPPED1"
"3743","EGR1","CPN2"
"3744","EGR1","CIAO1"
"3745","EGR1","CHTOP"
"3746","EGR1","CHD1L"
"3747","EGR1","CHCHD1"
"3748","EGR1","CH25H"
"3749","EGR1","CENPW"
"3750","EGR1","CCNK"
"3751","EGR1","CARS2"
"3752","EGR1","CAMSAP1"
"3753","EGR1","C1orf35"
"3754","EGR1","C18orf21"
"3755","EGR1","BORA"
"3756","EGR1","ARHGEF26"
"3757","EGR1","ARHGEF11"
"3758","EGR1","APOBEC3B"
"3759","EGR1","AP3S1"
"3760","EGR1","AMZ2"
"3761","EGR1","ALG6"
"3762","EGR1","ADAMTS13"
"3763","EGR2","AGAP3"
"3764","EGR3","AGAP3"
"3765","EGR2","ZSWIM6"
"3766","EGR3","ZSWIM6"
"3767","POU2F1","ZSWIM6"
"3768","EGR2","TLCD1"
"3769","EGR3","TLCD1"
"3770","EGR2","TDRKH"
"3771","EGR3","TDRKH"
"3772","EGR2","RNASEH2A"
"3773","EGR3","RNASEH2A"
"3774","EGR2","NDUFA4L2"
"3775","EGR3","NDUFA4L2"
"3776","POU2F1","NDUFA4L2"
"3777","TCF3","NDUFA4L2"
"3778","ZIC2","NDUFA4L2"
"3779","EGR2","SLC25A39"
"3780","EGR2","SORT1"
"3781","EGR3","SORT1"
"3782","EGR2","XPR1"
"3783","EGR3","XPR1"
"3784","POU2F1","XPR1"
"3785","EGR2","TRMT112"
"3786","POU2F1","TRMT112"
"3787","EGR2","MTCH1"
"3788","EGR3","MTCH1"
"3789","POU2F1","MTCH1"
"3790","EGR2","MID1"
"3791","EGR3","MID1"
"3792","EGR2","CSNK1G1"
"3793","EGR3","CSNK1G1"
"3794","POU2F1","CSNK1G1"
"3795","EGR2","CKAP5"
"3796","EGR3","CKAP5"
"3797","NFYA","CKAP5"
"3798","EGR2","SPNS1"
"3799","EGR3","SPNS1"
"3800","EGR2","SFT2D2"
"3801","EGR3","SFT2D2"
"3802","EGR2","PABPC4"
"3803","EGR2","EIF3B"
"3804","EGR2","SF3B4"
"3805","EGR3","SF3B4"
"3806","TCERG1","SF3B4"
"3807","EGR2","PRPF3"
"3808","EGR3","PRPF3"
"3809","EGR2","PRKAR2B"
"3810","EGR3","PRKAR2B"
"3811","EGR2","NTN4"
"3812","EGR3","NTN4"
"3813","EGR2","NKIRAS2"
"3814","EGR3","NKIRAS2"
"3815","EGR2","MRPL34"
"3816","EGR3","MRPL34"
"3817","EGR2","MASTL"
"3818","EGR3","MASTL"
"3819","EGR2","ERGIC3"
"3820","EGR3","ERGIC3"
"3821","EGR2","CYP39A1"
"3822","EGR3","CYP39A1"
"3823","EGR2","COLEC12"
"3824","EGR3","COLEC12"
"3825","EGR2","CEP70"
"3826","EGR3","CEP70"
"3827","COIL","CEP70"
"3828","KAT7","CEP70"
"3829","EGR2","CCDC124"
"3830","EGR3","CCDC124"
"3831","EGR2","C12orf75"
"3832","EGR3","C12orf75"
"3833","EGR2","AGAP1"
"3834","EGR3","AGAP1"
"3835","EGR3","UBAP2L"
"3836","EGR3","USP39"
"3837","POU2F1","USP39"
"3838","EGR3","HNRNPU"
"3839","EGR3","FAM20B"
"3840","EGR3","PITPNM3"
"3841","TCF3","PITPNM3"
"3842","EGR3","ZSWIM5"
"3843","EGR3","ZNF706"
"3844","EGR3","USP43"
"3845","EGR3","SNX30"
"3846","EGR3","DNAJC14"
"3847","EGR3","AHCTF1"
"3848","EGR3","THOC2"
"3849","EGR3","SPINT2"
"3850","EGR3","LYVE1"
"3851","EGR3","IFFO1"
"3852","EGR3","FSD1L"
"3853","EGR3","FREM2"
"3854","EGR3","FKBP1A"
"3855","EGR3","CAMSAP2"
"3856","ETV4","BCHE"
"3857","POU2F1","BCHE"
"3858","ETV4","MMP12"
"3859","ETV4","MEP1B"
"3860","ETV4","F9"
"3861","ETV4","CETP"
"3862","ETV4","APOH"
"3863","EZH2","ADAMTS1"
"3864","ZIC2","ADAMTS1"
"3865","EZH2","AXL"
"3866","FOSB","EFTUD2"
"3867","FOSB","NUAK1"
"3868","JUNB","NUAK1"
"3869","FOSB","TPD52L2"
"3870","JUNB","TPD52L2"
"3871","FOSB","PTH1R"
"3872","FOSB","PSMG3"
"3873","JUNB","PSMG3"
"3874","FOSB","FTL"
"3875","JUNB","FTL"
"3876","FOSB","ZNF532"
"3877","FOSB","TSPAN1"
"3878","FOSB","TPPP2"
"3879","FOSB","SPRR1A"
"3880","JUNB","SPRR1A"
"3881","FOSB","RPP40"
"3882","FOSB","PRSS53"
"3883","FOSB","MICAL2"
"3884","FOSB","GABARAPL1"
"3885","FOSB","CXCL14"
"3886","JUNB","CXCL14"
"3887","FOSB","ANXA10"
"3888","HLTF","HERC2"
"3889","NFYC","HERC2"
"3890","HMGA1","IL1B"
"3891","HMGB2","SET"
"3892","PTMA","SET"
"3893","TAF1A","SET"
"3894","HSF2","HNRNPA1"
"3895","TTF2","HNRNPA1"
"3896","HSF2","PTGES3"
"3897","NR3C2","PTGES3"
"3898","HSF2","SNRNP40"
"3899","HSF2","CCT3"
"3900","XRCC6","CCT3"
"3901","HSF2","ST3GAL6"
"3902","HSF2","NUTF2"
"3903","PTMA","NUTF2"
"3904","HSF2","KRTAP13-1"
"3905","HSF2","GDI1"
"3906","HSF2","ATOH8"
"3907","HSF2","A2MP1"
"3908","HSF2","NCAPG"
"3909","ILF3","NDRG1"
"3910","RUVBL2","NDRG1"
"3911","MCM2","SNF8"
"3912","TSG101","SNF8"
"3913","NCOA6","GHR"
"3914","NFYA","SUOX"
"3915","NFYA","CDKN3"
"3916","YBX1","CDKN3"
"3917","NFYA","SLC13A4"
"3918","ZIC2","SLC13A4"
"3919","NFYA","USP21"
"3920","NFYC","USP21"
"3921","NFYA","NUP37"
"3922","NFYC","NUP37"
"3923","NFYA","CHP1"
"3924","NFYC","CHP1"
"3925","NFYA","SNRPA"
"3926","PAPOLA","SNRPA"
"3927","NFYA","EIF3F"
"3928","HAX1","EIF3F"
"3929","NFYA","EIF2S3"
"3930","NFYA","ENSA"
"3931","ZIC2","ENSA"
"3932","NFYA","PEAK1"
"3933","NFYC","PEAK1"
"3934","NFYA","TOMM40L"
"3935","TCF3","TOMM40L"
"3936","NFYA","POLR1D"
"3937","TCF3","POLR1D"
"3938","NFYA","NUP93"
"3939","POU2F1","NUP93"
"3940","TCF3","NUP93"
"3941","NFYA","ACLY"
"3942","TCF3","ACLY"
"3943","NFYA","ZNF862"
"3944","POU2F1","ZNF862"
"3945","NFYA","SNRPD2"
"3946","POU2F1","SNRPD2"
"3947","DDX20","SNRPD2"
"3948","SNRPD1","SNRPD2"
"3949","NFYA","NIF3L1"
"3950","NFYC","NIF3L1"
"3951","COIL","NIF3L1"
"3952","TRIP13","NIF3L1"
"3953","NFYA","CENPI"
"3954","POU2F1","CENPI"
"3955","NFYA","CDK16"
"3956","POU2F1","CDK16"
"3957","NFYA","SYT13"
"3958","NFYC","SYT13"
"3959","NFYA","RMST"
"3960","NFYC","RMST"
"3961","NFYA","RMI2"
"3962","NFYC","RMI2"
"3963","NFYA","MUC6"
"3964","NFYC","MUC6"
"3965","NFYA","GOLPH3L"
"3966","NFYC","GOLPH3L"
"3967","NFYA","GGH"
"3968","NFYC","GGH"
"3969","NFYA","FLAD1"
"3970","NFYC","FLAD1"
"3971","NFYA","DEPDC1B"
"3972","NFYC","DEPDC1B"
"3973","NFYA","ZNF738"
"3974","NFYA","ZCCHC17"
"3975","NFYA","VKORC1"
"3976","NFYA","VBP1"
"3977","NFYA","UTP23"
"3978","NFYA","TROAP"
"3979","NFYA","TPSAB1"
"3980","NFYA","TMEM45A"
"3981","NFYA","TIMM17B"
"3982","NFYA","TERF1"
"3983","NFYA","TCTN2"
"3984","NFYA","SUPV3L1"
"3985","NFYA","STIP1"
"3986","NFYA","SPC25"
"3987","NFYA","SNRPF"
"3988","DDX20","SNRPF"
"3989","NFYA","SLC46A3"
"3990","NFYA","SLC3A1"
"3991","NFYA","SLC26A2"
"3992","NFYA","RPL14"
"3993","NFYA","RNF20"
"3994","NFYA","RFWD3"
"3995","NFYA","RFPL3"
"3996","NFYA","RCN2"
"3997","NFYA","RCL1"
"3998","NFYA","RAB4B"
"3999","NFYA","PWWP2A"
"4000","NFYA","PSMG4"
"4001","NFYA","PRPF31"
"4002","NFYA","PPWD1"
"4003","NFYA","PPFIBP1"
"4004","NFYA","PNPLA7"
"4005","NFYA","PDZD11"
"4006","NFYA","PABPN1"
"4007","SNW1","PABPN1"
"4008","NFYA","OIP5"
"4009","NFYA","NUP43"
"4010","NFYA","MPZL1"
"4011","NFYA","MND1"
"4012","NFYA","MKRN1"
"4013","NFYA","METTL13"
"4014","NFYA","LRP12"
"4015","NFYA","KIF18B"
"4016","NFYA","KCTD7"
"4017","NFYA","IMMP1L"
"4018","NFYA","HNRNPC"
"4019","ZNF581","HNRNPC"
"4020","NFYA","HIGD1A"
"4021","NFYA","GOLT1B"
"4022","NFYA","GDF2"
"4023","NFYA","FASTKD3"
"4024","NFYA","FAM83D"
"4025","NFYA","FAM120AOS"
"4026","NFYA","EFCAB11"
"4027","NFYA","DHX57"
"4028","NFYA","DDX50"
"4029","NFYA","DDX39A"
"4030","NFYA","CS"
"4031","NFYA","CKAP2L"
"4032","NFYA","CKAP2"
"4033","NFYA","CETN2"
"4034","NFYA","CEP152"
"4035","NFYA","CENPK"
"4036","NFYA","CCDC167"
"4037","NFYA","CCDC117"
"4038","NFYA","CALU"
"4039","NFYA","BEST1"
"4040","NFYA","ARRDC4"
"4041","NFYA","ARMC6"
"4042","NFYA","ARMC1"
"4043","NFYA","ADAM9"
"4044","NFYA","ACSM3"
"4045","NFYC","OGG1"
"4046","NFYC","PRDM10"
"4047","NFYC","COPZ1"
"4048","NFYC","CENPF"
"4049","NFYC","ZC2HC1C"
"4050","NFYC","PSMD4"
"4051","NFYC","CCDC149"
"4052","NPM1","NOP2"
"4053","NR1H4","ABCB4"
"4054","HAX1","ABCB4"
"4055","NR1H4","SLCO1B3"
"4056","POU2F1","CAPN6"
"4057","POU2F1","TXNRD1"
"4058","POU2F1","SLC38A6"
"4059","POU2F1","ENPP2"
"4060","POU2F1","STOM"
"4061","POU2F1","POLG2"
"4062","POU2F1","PDE2A"
"4063","POU2F1","CNPY2"
"4064","POU2F1","ZC3HC1"
"4065","POU2F1","UNC5C"
"4066","POU2F1","SNORA72"
"4067","POU2F1","SMCR8"
"4068","POU2F1","SLC7A6"
"4069","POU2F1","SHISA9"
"4070","POU2F1","ROBO1"
"4071","POU2F1","RNF220"
"4072","POU2F1","RMI1"
"4073","POU2F1","POP5"
"4074","POU2F1","PLXNC1"
"4075","POU2F1","PIPOX"
"4076","POU2F1","PDZRN4"
"4077","POU2F1","NHEJ1"
"4078","POU2F1","LRP4"
"4079","POU2F1","LEMD2"
"4080","POU2F1","LEAP2"
"4081","POU2F1","KBTBD11"
"4082","POU2F1","IPO9"
"4083","POU2F1","IL13RA2"
"4084","POU2F1","HCAR3"
"4085","POU2F1","GPD1"
"4086","POU2F1","GORASP2"
"4087","RAD54B","GORASP2"
"4088","POU2F1","FERMT1"
"4089","POU2F1","FCN3"
"4090","POU2F1","FAM50A"
"4091","POU2F1","FAM172A"
"4092","POU2F1","DPY30"
"4093","POU2F1","DENND4B"
"4094","POU2F1","CPNE1"
"4095","POU2F1","CLC"
"4096","POU2F1","C1QTNF1"
"4097","POU2F1","BCO2"
"4098","POU2F1","ASPH"
"4099","POU2F1","APOF"
"4100","POU2F1","ALB"
"4101","POU2F1","AKR1C3"
"4102","POU2F1","AARS2"
"4103","PTMA","IDO2"
"4104","PTTG1","RPS10"
"4105","KAT7","RPS10"
"4106","TCF3","TCF21"
"4107","TCF3","YARS2"
"4108","TCF3","TNFAIP2"
"4109","TCF3","SPP2"
"4110","TCF3","SLCO2B1"
"4111","TCF3","SCAMP3"
"4112","TSG101","SCAMP3"
"4113","TCF3","RBMS3"
"4114","TCF3","RAPGEF5"
"4115","TCF3","PSMB4"
"4116","TCF3","NUDT1"
"4117","TCF3","NPNT"
"4118","TCF3","LRRC8D"
"4119","TCF3","KALRN"
"4120","COIL","KALRN"
"4121","TCF3","GIT2"
"4122","TCF3","GFOD2"
"4123","TCF3","FBXO44"
"4124","TCF3","EXOC3L1"
"4125","TCF3","DYRK2"
"4126","RAD54B","DYRK2"
"4127","TCF3","DDX56"
"4128","TCF3","COLEC10"
"4129","TCF3","ANGPTL6"
"4130","TCF3","ANGPTL1"
"4131","TCF3","ADAMTSL3"
"4132","TCF3","ADAMTS5"
"4133","TSG101","VPS37C"
"4134","ZIC2","TPD52L1"
"4135","ZIC2","LRG1"
"4136","ZIC2","HPX"
"4137","ZIC2","COL4A4"
"4138","BHLHE40","U2SURP"
"4139","BHLHE40","SAE1"
"4140","BHLHE40","ABCF1"
"4141","BHLHE40","S100PBP"
"4142","BHLHE40","CCDC86"
"4143","CBX3","DSN1"
"4144","CITED2","LHX2"
"4145","CNOT3","CNOT1"
"4146","CNOT4","CNOT1"
"4147","CNOT4","UBE2D2"
"4148","COIL","SART3"
"4149","RNPS1","SART3"
"4150","COIL","PSMA1"
"4151","MCM6","PSMA1"
"4152","RAD54B","PSMA1"
"4153","COIL","KPNA3"
"4154","DDB2","CUL4A"
"4155","DDX20","GEMIN5"
"4156","SNRPD1","GEMIN5"
"4157","DDX20","SNRPE"
"4158","GTF2IRD1","EXOSC4"
"4159","HTATSF1","SNRPB2"
"4160","MCM3","MCM3AP"
"4161","MCM6","SMC1A"
"4162","RFC1","SMC1A"
"4163","SNRPB","LSM11"
"4164","SSRP1","NEK9"
"4165","SUPT16H","NEK9"
"4166","TAF12","CPSF1"
"4167","TCEA2","CENPT"
"4168","TCERG1","SF3A3"
"4169","TCERG1","HNRNPM"
"4170","TIMELESS","TIPIN"
"4171","TRIP13","PBLD"
"4172","TRIP13","PLAC8"
"4173","WBP11","MCRS1"
"4174","XRCC6","CDCA5"
"4175","ZNF7","RPL7"
