"","V1","V2"
"1","ALDOB","FBP1"
"2","ALDH2","ADH1A"
"3","ALDH2","ADH1B"
"4","ALDH2","ADH1C"
"5","ALDH2","ADH4"
"6","ALDH2","BBOX1"
"7","ALDH2","AOC1"
"8","ALDH2","AKR1B10"
"9","ALDH2","ACYP1"
"10","ALDH1B1","ADH1A"
"11","ALDH1B1","AOC1"
"12","ALDH1B1","CTCF"
"13","ALDH1B1","ACYP1"
"14","SDHB","NFE2L2"
"15","SDHB","NRF1"
"16","SDHB","SUCLG2"
"17","SDHD","SUCLG2"
"18","TKT","EGR3"
"19","TKT","RPIA"
"20","TALDO1","ZNF143"
"21","TALDO1","ZHX1"
"22","UGP2","PGM1"
"23","UGP2","GALE"
"24","UGP2","UGDH"
"25","UGT2B15","ADH1A"
"26","UGT2B15","UGDH"
"27","ACADS","ECHS1"
"28","EHHADH","ACAT1"
"29","EHHADH","IVD"
"30","ECHS1","ACADM"
"31","ECHS1","IVD"
"32","ACAT1","AACS"
"33","ACAT1","HMGCS2"
"34","ACAT1","CTCF"
"35","ACAT1","NFYA"
"36","ADH1A","CYP26A1"
"37","ADH1A","GSTO2"
"38","ADH1A","GSTA5"
"39","ADH1A","GSTA1"
"40","ADH1A","GSTA2"
"41","ADH1A","GSTA3"
"42","ADH1A","GSTA4"
"43","ADH1A","GSTM1"
"44","ADH1A","GSTM2"
"45","ADH1A","GSTM3"
"46","ADH1A","GSTM4"
"47","ADH1A","GSTM5"
"48","ADH1A","GSTP1"
"49","ADH1A","GSTT1"
"50","ADH1A","GSTT2"
"51","ADH1A","MGST1"
"52","ADH1A","MGST2"
"53","ADH1A","MGST3"
"54","ADH1A","GSTT2B"
"55","ADH1A","GSTO1"
"56","ADH1C","NFYA"
"57","CYP8B1","TP53"
"58","CYP8B1","AKR1D1"
"59","ASS1","ADSS1"
"60","ASS1","ASL"
"61","ATIC","ATIC"
"62","ADSS1","CAD"
"63","PNP","NMRK1"
"64","PNP","TP53"
"65","PNP","ZHX1"
"66","PNP","XDH"
"67","PNP","NNMT"
"68","PAPSS2","PAPSS2"
"69","PAPSS2","SUOX"
"70","PDE7B","ADSL"
"71","PDE7A","ADSL"
"72","CYP1A2","NAT2"
"73","CYP1A2","CYP2C19"
"74","CYP1A2","CYP2J2"
"75","CYP1A2","CYP26A1"
"76","CYP1A2","GSTO2"
"77","NAT2","CYP2A6"
"78","NAT2","CYP2A7"
"79","CYP2A6","CYP2B6"
"80","CYP2A7","CYP26A1"
"81","CAD","CAD"
"82","DTYMK","TK1"
"83","DUT","TK1"
"84","ASL","ADSL"
"85","GLUD2","NIT2"
"86","GLUD2","GLUL"
"87","GLS2","GLUL"
"88","FOLH1","ASPA"
"89","BHMT","DMGDH"
"90","PSPH","SHMT1"
"91","SHMT1","AGXT2"
"92","SHMT1","FTCD"
"93","SHMT1","SDS"
"94","SHMT1","AGXT"
"95","AGXT2","ABAT"
"96","ACAA2","PCCA"
"97","ACAA1","PCCA"
"98","PCCA","ALDH6A1"
"99","PCCA","EGR1"
"100","AOC1","INMT"
"101","SRM","SMS"
"102","FTCD","AMDHD1"
"103","FTCD","MTHFD1"
"104","FTCD","MTHFD1L"
"105","AMDHD1","UROC1"
"106","ALDH6A1","ABAT"
"107","ALDH6A1","ATF2"
"108","ALDH6A1","NFYA"
"109","ALDH6A1","NFYC"
"110","CNDP1","CNDP1"
"111","MTR","NFYA"
"112","SMS","EZH2"
"113","B4GALT3","ST3GAL3"
"114","UGDH","UXS1"
"115","UGDH","EGR2"
"116","UGDH","EGR3"
"117","UXS1","EGR1"
"118","LIPG","MGLL"
"119","MOGAT2","MGLL"
"120","PIP4K2B","PTEN"
"121","PIP4K2B","ATF5"
"122","LPCAT1","EGR1"
"123","LPCAT1","PLAAT3"
"124","PCYT1A","MAPK10"
"125","PCYT1A","MAPK1"
"126","PCYT1A","MAPK3"
"127","PCYT1A","ATF5"
"128","PCYT1A","ZNF143"
"129","PCYT1A","CHKA"
"130","PEMT","PEMT"
"131","EPHX2","CYP2B6"
"132","LTA4H","CYP4F3"
"133","CYP2C8","CYP26A1"
"134","CYP2C8","NR1I2"
"135","CYP2C9","CYP26A1"
"136","HAO2","CAT"
"137","HAO2","PGP"
"138","HAO1","PGP"
"139","CAT","NFE2L2"
"140","CAT","EGR1"
"141","CAT","NFYA"
"142","MMUT","SUCLG2"
"143","NAMPT","CLOCK"
"144","NAMPT","NNMT"
"145","SIRT7","NNMT"
"146","GCH1","NFYC"
"147","ALPL","EGR1"
"148","PTS","PTS"
"149","GPHN","GPHN"
"150","RETSAT","CYP26A1"
"151","RETSAT","HSD17B6"
"152","CYP26A1","CYP2B6"
"153","CYP2B6","ATF5"
"154","CYP2B6","EGR1"
"155","CYP2B6","NR1I2"
"156","HSD17B6","CTCF"
"157","FDPS","FDPS"
"158","FDPS","HRAS"
"159","FDPS","NFYA"
"160","FDPS","NFYC"
"161","GSTA1","NFE2L2"
"162","GMPS","TPMT"
"163","IMPDH2","ATF2"
"164","IMPDH2","EGR1"
"165","IMPDH2","TPMT"
"166","MTOR","PRKCA"
"167","MTOR","PRKCB"
"168","MTOR","PRKCG"
"169","MTOR","IGF1"
"170","MTOR","PIK3CA"
"171","MTOR","PIK3CB"
"172","MTOR","PIK3CD"
"173","MTOR","PIK3R1"
"174","MTOR","PIK3R2"
"175","MTOR","PIK3R3"
"176","MTOR","RRAGD"
"177","MTOR","RRAGC"
"178","MTOR","PRKAA2"
"179","MTOR","RPS6KB1"
"180","MTOR","PRKAB1"
"181","MTOR","PRKAB2"
"182","MTOR","PRKAG1"
"183","MTOR","EIF4EBP1"
"184","GAB1","SHC3"
"185","GAB1","SHC1"
"186","GAB1","MET"
"187","TGFA","CTCF"
"188","SOS1","SHC3"
"189","SOS1","PDGFRA"
"190","SOS1","SPRY2"
"191","SOS2","GRB2"
"192","SOS2","HRAS"
"193","SOS2","EGR1"
"194","SOS2","JUNB"
"195","SOS2","SPRY2"
"196","GRB2","SHC2"
"197","GRB2","SHC4"
"198","GRB2","SHC3"
"199","GRB2","IGF1R"
"200","GRB2","NGFR"
"201","GRB2","NPM1"
"202","GRB2","DTX1"
"203","SHC2","EGFR"
"204","SHC2","IGF1R"
"205","SHC2","EPHA2"
"206","SHC2","FGFR4"
"207","SHC2","MET"
"208","SHC2","NGFR"
"209","SHC2","PDGFRA"
"210","SHC2","FYN"
"211","SHC4","CTCF"
"212","SHC3","ATF2"
"213","SHC3","ATF5"
"214","SHC3","JUNB"
"215","SHC1","NPM1"
"216","PRKCA","RAF1"
"217","PRKCA","HRAS"
"218","PRKCA","MAPK3"
"219","PRKCA","PLCB1"
"220","PRKCA","PLCB2"
"221","PRKCA","PLCG1"
"222","PRKCA","PLCG2"
"223","PRKCA","PTK2"
"224","PRKCA","ATP6AP1"
"225","PRKCA","PA2G4"
"226","PRKCA","TRPV4"
"227","PRKCB","PLCB1"
"228","PRKCB","PLCB2"
"229","PRKCB","PLCG2"
"230","PRKCB","FCGR3B"
"231","PRKCB","FCGR2C"
"232","PRKCB","PA2G4"
"233","PRKCB","TRPV4"
"234","PRKCB","SLC2A2"
"235","PRKCG","RAF1"
"236","PRKCG","HRAS"
"237","PRKCG","PTK2"
"238","PRKCG","PA2G4"
"239","PRKCG","TRPV4"
"240","AKT3","PIK3R2"
"241","AKT3","PIK3R3"
"242","AKT3","CDKN1A"
"243","AKT3","BAD"
"244","AKT3","PPP2R5A"
"245","AKT3","TSC1"
"246","AKT3","TSC2"
"247","AKT3","RPS6KB1"
"248","AKT3","THEM4"
"249","AKT3","HSP90AA1"
"250","AKT3","HSP90AB1"
"251","AKT3","C6"
"252","AKT3","C7"
"253","AKT3","C8A"
"254","AKT3","C8B"
"255","AKT3","C9"
"256","AKT3","RHOB"
"257","AKT1","BAD"
"258","AKT1","TSC1"
"259","AKT1","RPS6KB1"
"260","AKT1","EGR1"
"261","AKT1","EZH2"
"262","AKT1","MDM4"
"263","AKT2","RPS6KB1"
"264","MAP2K1","PPP2CB"
"265","MAP2K1","PPP2R1A"
"266","MAP2K1","PRKCD"
"267","MAP2K1","ATF5"
"268","MAP2K2","MAPK1"
"269","MAP2K2","EGR2"
"270","ARAF","HRAS"
"271","ARAF","KRAS"
"272","ARAF","NRAS"
"273","ARAF","YWHAB"
"274","ARAF","YWHAG"
"275","ARAF","YWHAZ"
"276","ARAF","PRKCD"
"277","RAF1","HRAS"
"278","RAF1","KRAS"
"279","RAF1","NRAS"
"280","RAF1","PIK3CA"
"281","RAF1","PIK3CB"
"282","RAF1","PIK3CD"
"283","RAF1","PIK3R2"
"284","RAF1","PIK3R3"
"285","RAF1","RFXANK"
"286","HRAS","EGFR"
"287","HRAS","PIK3CA"
"288","HRAS","PIK3CB"
"289","HRAS","PIK3CD"
"290","HRAS","PIK3R2"
"291","HRAS","CAMK2B"
"292","HRAS","TPM3"
"293","HRAS","TPR"
"294","HRAS","CCDC6"
"295","HRAS","CAMK1"
"296","HRAS","CTCF"
"297","HRAS","MAZ"
"298","HRAS","NFYA"
"299","KRAS","PIK3CA"
"300","KRAS","EGR1"
"301","KRAS","NR3C2"
"302","NRAS","PIK3CA"
"303","HGF","EGFR"
"304","HGF","MET"
"305","HGF","CTCF"
"306","BCL2L1","BAX"
"307","IGF1","MAPK3"
"308","IGF1","GSK3B"
"309","IGF1","IGFBP3"
"310","IGF1","DCN"
"311","IGF1","CTCF"
"312","PDGFD","EGFR"
"313","PDGFD","PDGFRA"
"314","PDGFD","CTCF"
"315","EGFR","PIK3CA"
"316","EGFR","FGF23"
"317","EGFR","PLCB1"
"318","EGFR","PLCB2"
"319","EGFR","PLCG1"
"320","EGFR","SH3GLB2"
"321","EGFR","ATP6AP1"
"322","EGFR","ATP6V1C2"
"323","EGFR","ATP6V1H"
"324","EGFR","JUNB"
"325","EGFR","NR3C2"
"326","EGFR","TSG101"
"327","EGFR","YBX1"
"328","EGFR","XRCC6"
"329","PIK3CA","TP53"
"330","PIK3CA","PDPK1"
"331","PIK3CA","PLCG1"
"332","PIK3CA","HOMER2"
"333","PIK3CA","HOMER1"
"334","PIK3CA","FYN"
"335","PIK3CA","PECAM1"
"336","PIK3CA","TRAF5"
"337","PIK3CA","GNB1"
"338","PIK3CA","CTCF"
"339","PIK3CA","CHKA"
"340","PIK3CB","PDPK1"
"341","PIK3CB","RAC1"
"342","PIK3CB","PLCG1"
"343","PIK3CB","PTK2"
"344","PIK3CB","CHKA"
"345","PIK3CD","PDPK1"
"346","PIK3CD","RAC1"
"347","PIK3CD","PLCG1"
"348","PIK3CD","PTK2"
"349","PIK3CD","CHKA"
"350","PIK3R1","RAC1"
"351","PIK3R1","EGR2"
"352","PIK3R1","NFYC"
"353","PIK3R1","WBP11"
"354","PIK3R1","CHKA"
"355","PIK3R2","PDPK1"
"356","PIK3R2","RAC1"
"357","PIK3R2","PLCG1"
"358","PIK3R2","PTK2"
"359","PIK3R2","CHKA"
"360","PIK3R3","PDPK1"
"361","PIK3R3","RAC1"
"362","PIK3R3","PLCG1"
"363","PIK3R3","PTK2"
"364","PIK3R3","NFYA"
"365","PIK3R3","CHKA"
"366","MAPK10","TP53"
"367","MAPK10","MECOM"
"368","MAPK10","JUNB"
"369","MAPK10","HNRNPK"
"370","TP53","TP53"
"371","TP53","CDKN2C"
"372","TP53","CCND1"
"373","TP53","IGF1R"
"374","TP53","MAPK3"
"375","TP53","BRCA2"
"376","TP53","GADD45B"
"377","TP53","PLK1"
"378","TP53","YWHAZ"
"379","TP53","E2F5"
"380","TP53","HSP90AB1"
"381","TP53","ELAVL1"
"382","TP53","CCNE1"
"383","TP53","TCF7L1"
"384","TP53","RUVBL1"
"385","TP53","CSNK1A1"
"386","TP53","SMAD3"
"387","TP53","CSNK2A1"
"388","TP53","AXIN2"
"389","TP53","PKN1"
"390","TP53","ARHGAP10"
"391","TP53","LAMA4"
"392","TP53","ETS2"
"393","TP53","CAMK1"
"394","TP53","ARID1A"
"395","TP53","ACTL6B"
"396","TP53","CTCF"
"397","TP53","DNMT1"
"398","TP53","EGR1"
"399","TP53","ETV4"
"400","TP53","EZH2"
"401","TP53","HMGA1"
"402","TP53","ID2"
"403","TP53","NFYA"
"404","TP53","YBX1"
"405","TP53","FUS"
"406","TP53","PIAS1"
"407","TP53","ZHX1"
"408","TP53","RAB4A"
"409","TP53","BIRC5"
"410","TP53","NQO1"
"411","TP53","MDC1"
"412","TP53","MSH2"
"413","TP53","TP53BP2"
"414","TP53","BLM"
"415","TP53","HSPA4"
"416","TP53","SOCS2"
"417","TP53","THRSP"
"418","TP53","TRIM22"
"419","TP53","PPFIBP2"
"420","TP53","VIPR1"
"421","TP53","STEAP3"
"422","TP53","SPON2"
"423","TP53","SEMA3F"
"424","TP53","SEC24C"
"425","TP53","SCRIB"
"426","TP53","SART1"
"427","TP53","S100A8"
"428","TP53","PXDC1"
"429","TP53","PRPF6"
"430","TP53","KIN"
"431","TP53","KDM6B"
"432","TP53","KCNN3"
"433","TP53","GPN2"
"434","TP53","GPM6A"
"435","TP53","DPF2"
"436","TP53","CNTN4"
"437","TP53","CHCHD7"
"438","TP53","C15orf40"
"439","TP53","AQP1"
"440","TP53","AIDA"
"441","TP53","ARIH2"
"442","TP53","UBE2I"
"443","TP53","SMYD2"
"444","CDKN2A","CCND1"
"445","CDKN2A","ETS2"
"446","CDKN2A","SMARCB1"
"447","CDKN2A","CTCF"
"448","CDKN2A","DNMT1"
"449","CDKN2A","EGR1"
"450","CDKN2A","EZH2"
"451","CDKN2A","FOXM1"
"452","CDKN2A","JUNB"
"453","CDKN2A","MCM5"
"454","CDKN2C","CCND1"
"455","CDKN2C","TLE1"
"456","CDKN2C","WDR5"
"457","CDKN2C","RBBP5"
"458","CDKN2C","EGR1"
"459","CDKN2C","EGR2"
"460","CDKN1A","EZH2"
"461","CDKN1A","FUBP1"
"462","CDKN1A","NELFCD"
"463","CDKN1A","NPM1"
"464","CDKN1A","PTMA"
"465","CDKN1A","TAF5"
"466","CDKN1A","TSG101"
"467","CDKN1A","XRCC6"
"468","CCND1","MAPK3"
"469","CCND1","ELAVL1"
"470","CCND1","LEF1"
"471","CCND1","TCF7L2"
"472","CCND1","TCF7L1"
"473","CCND1","ATF2"
"474","CCND1","CREB3L4"
"475","CCND1","CREB3L2"
"476","CCND1","ETS2"
"477","CCND1","HEY1"
"478","CCND1","CTCF"
"479","CCND1","E2F8"
"480","CCND1","EGR1"
"481","CCND1","NELFCD"
"482","CCND1","RFC1"
"483","CDK4","CDK4"
"484","RB1","RB1"
"485","IGF1R","PLCB1"
"486","IGF1R","PLCG1"
"487","IGF1R","E2F5"
"488","IGF1R","EGR1"
"489","BAD","MAPK3"
"490","PDPK1","RPS6KB1"
"491","PDPK1","EGR3"
"492","MAPK1","DUSP9"
"493","MAPK1","RPS6KB1"
"494","MAPK1","PRKCD"
"495","MAPK1","IL17RC"
"496","MAPK1","SDC1"
"497","MAPK1","ZFP36"
"498","MAPK1","TNF"
"499","MAPK3","RPS6KB1"
"500","MAPK3","SMAD3"
"501","MAPK3","ETS2"
"502","MAPK3","EGR1"
"503","MAPK3","ZNF7"
"504","UPF2","ZFP36"
"505","UPF2","GSPT2"
"506","UPF3B","SATB2"
"507","UPF3B","GSPT2"
"508","SMG7","EGR2"
"509","SMG7","SMG5"
"510","PPP2CB","RPS6KB1"
"511","PPP2CB","EGR3"
"512","PPP2CB","SMG5"
"513","PPP2CB","IRAK1"
"514","PPP2CB","STK3"
"515","PPP2R1A","RPS6KB1"
"516","PPP2R1A","MCM3"
"517","PPP2R1A","SMG5"
"518","PPP2R1A","IRAK1"
"519","PPP2R1A","STK3"
"520","PPP2R5A","SMG5"
"521","HGS","TSG101"
"522","RAN","PTMA"
"523","RAN","SSRP1"
"524","RAN","XPO1"
"525","RAD50","RAD50"
"526","BRCA2","FANCG"
"527","BRCA2","PLK1"
"528","BRCA2","CCNE1"
"529","BRCA2","SMAD3"
"530","BRCA2","SEM1"
"531","BRCA2","PSMD3"
"532","BRCA2","BUB1B"
"533","BRCA2","RPA1"
"534","FANCC","FANCI"
"535","FANCF","E2F5"
"536","FANCF","FANCI"
"537","FANCG","FANCI"
"538","UBE2T","NFYC"
"539","UBE2T","FANCI"
"540","CENPX","FANCI"
"541","CENPS","FANCI"
"542","DUSP1","ATF2"
"543","DUSP1","NFE2L2"
"544","DUSP1","ATF5"
"545","DUSP1","CTCF"
"546","DUSP6","CTCF"
"547","MAP4K4","MAP3K1"
"548","ELK4","NR2C2"
"549","ELK1","RAC1"
"550","ELK1","EPHA2"
"551","ELK1","FZD4"
"552","ELK1","PARD3"
"553","ELK1","RALA"
"554","ELK1","MECOM"
"555","ELK1","MDM4"
"556","ELK1","SND1"
"557","ELK1","ZFP36"
"558","ELK1","CITED2"
"559","ELK1","DNAJC2"
"560","ELK1","ERCC3"
"561","ELK1","KAT7"
"562","ELK1","RNPS1"
"563","ELK1","TRRAP"
"564","ELK1","ZNF581"
"565","ELK1","FANCI"
"566","ELK1","TNF"
"567","ELK1","SKP2"
"568","ELK1","ARID2"
"569","ELK1","SETDB1"
"570","ELK1","MCM10"
"571","ELK1","DAP3"
"572","ELK1","EIF2AK1"
"573","ELK1","FUT4"
"574","ELK1","BLM"
"575","ELK1","NOL7"
"576","ELK1","OGG1"
"577","ELK1","PRCP"
"578","ELK1","CENPF"
"579","ELK1","WDR46"
"580","ELK1","THOC6"
"581","ELK1","PUF60"
"582","ELK1","PTBP3"
"583","ELK1","LASP1"
"584","ELK1","ASXL2"
"585","ELK1","SENP1"
"586","ELK1","NUP155"
"587","ELK1","MSH3"
"588","ELK1","BROX"
"589","ELK1","DHX30"
"590","ELK1","SEC24C"
"591","ELK1","PRPF19"
"592","ELK1","DPCD"
"593","ELK1","C17orf58"
"594","ELK1","ACD"
"595","ELK1","SF3B2"
"596","ELK1","OTUD7B"
"597","ELK1","MTBP"
"598","ELK1","KIF4A"
"599","ELK1","EPB41L4A"
"600","ELK1","ACTG2"
"601","ELK1","SLBP"
"602","ELK1","LRRC4C"
"603","ELK1","SERPINI1"
"604","ELK1","RBP5"
"605","ELK1","MLEC"
"606","ELK1","MAF1"
"607","ELK1","KCNN2"
"608","ELK1","GPANK1"
"609","ELK1","UBE2Q1"
"610","ELK1","TMEM68"
"611","ELK1","RPL37"
"612","ELK1","RPL15"
"613","ELK1","MEA1"
"614","ELK1","ITPA"
"615","ELK1","ITGB3BP"
"616","ELK1","HEATR1"
"617","ELK1","EXOSC10"
"618","ELK1","DCAF8"
"619","ELK1","COLEC11"
"620","ELK1","CLK2"
"621","ELK1","CIDEB"
"622","ELK1","SMG8"
"623","ELK1","TINAGL1"
"624","ELK1","ZSCAN29"
"625","ELK1","ZNF623"
"626","ELK1","ZNF322"
"627","ELK1","UGGT1"
"628","ELK1","UBE2J2"
"629","ELK1","TRIM15"
"630","ELK1","SNX12"
"631","ELK1","SLC25A20"
"632","ELK1","SFR1"
"633","ELK1","RNF150"
"634","ELK1","RBM22"
"635","ELK1","RABIF"
"636","ELK1","PPOX"
"637","ELK1","POLA1"
"638","ELK1","OSTF1"
"639","ELK1","MTIF2"
"640","ELK1","LZIC"
"641","ELK1","KLHDC3"
"642","ELK1","KCND3"
"643","ELK1","KBTBD4"
"644","ELK1","FBXW2"
"645","ELK1","FBXL18"
"646","ELK1","FAM168B"
"647","ELK1","EMG1"
"648","ELK1","EIF3G"
"649","ELK1","DNAJC7"
"650","ELK1","DISP1"
"651","ELK1","DDX55"
"652","ELK1","CSPP1"
"653","ELK1","CPSF3"
"654","ELK1","COPA"
"655","ELK1","COMMD5"
"656","ELK1","CDCA8"
"657","ELK1","CBLN2"
"658","ELK1","BANF1"
"659","ELK1","AP5M1"
"660","ELK1","AP3B1"
"661","ELK1","UBE2I"
"662","GADD45G","CDK1"
"663","GADD45G","PCNA"
"664","GADD45G","CTCF"
"665","GADD45G","MAP3K4"
"666","GADD45A","NFYA"
"667","GADD45A","NPM1"
"668","GADD45A","MAP3K4"
"669","GADD45B","SMAD3"
"670","GADD45B","CTCF"
"671","GADD45B","EGR1"
"672","GADD45B","JUNB"
"673","GADD45B","NFYA"
"674","IL1RAP","MYD88"
"675","TGFB1","DCN"
"676","TGFB1","ASH1L"
"677","TGFB1","FOSB"
"678","MAPKAPK5","HSPB1"
"679","RAC1","DVL1"
"680","RAC1","DVL2"
"681","RAC1","DVL3"
"682","RAC1","TLR4"
"683","RAC1","FYN"
"684","RAC1","WASF2"
"685","RAC1","GNB1"
"686","RAC1","RALBP1"
"687","RAC1","ABL2"
"688","RAC1","PTTG1"
"689","RAC1","MAP3K1"
"690","MYD88","TLR4"
"691","MYD88","ZIC2"
"692","MYD88","IRAK1"
"693","MYD88","TNF"
"694","MET","PLCG1"
"695","MET","PTK2"
"696","NGFR","PLCB1"
"697","PDGFRA","PLCB1"
"698","PDGFRA","PLCG1"
"699","PDGFRA","PTK2"
"700","RGL1","RALA"
"701","RALGAPB","RALA"
"702","ENAH","E2F2"
"703","ENAH","ACTB"
"704","GDF5","CTCF"
"705","GDF5","BMPR1A"
"706","PLCB1","AGTR1"
"707","PLCB1","AVPR1A"
"708","PLCB1","FPR1"
"709","PLCB1","GNB1"
"710","PLCB1","CTCF"
"711","PLCG1","PRKCD"
"712","PLCG1","ATF2"
"713","PLCG1","CTCF"
"714","PLCG1","EGR1"
"715","PLCG1","NFYA"
"716","PLCG2","PRKCD"
"717","PLCG2","NPM1"
"718","CD14","TLR4"
"719","CD14","ATF2"
"720","CD14","CTCF"
"721","HOMER1","ATF2"
"722","HOMER1","ATF5"
"723","HOMER1","EGR1"
"724","TGFBR2","ETV4"
"725","SMAD4","SMAD4"
"726","DGKQ","PLCD3"
"727","DGKZ","EGR3"
"728","DGKZ","PLCD3"
"729","MTMR7","PIP4P2"
"730","ROCK2","PTEN"
"731","FCER1A","FYN"
"732","AGTR1","CTCF"
"733","AGTR1","ETV4"
"734","AGTR1","SND1"
"735","AGTR1","SERPINE1"
"736","TSC1","RHEB"
"737","TSC1","RPS6KA3"
"738","TSC2","PRKAA2"
"739","ORC1","CTCF"
"740","ORC1","MCM2"
"741","CDK1","FOXM1"
"742","CDK1","HMGA1"
"743","CDK1","MDM4"
"744","CDK1","NPM1"
"745","CDK1","PTMA"
"746","CDK1","PTTG1"
"747","PCNA","PTMA"
"748","PCNA","BAZ1B"
"749","PCNA","XRCC6"
"750","PLK1","CCNB1"
"751","PLK1","CTCF"
"752","PLK1","NFYA"
"753","PLK1","NPM1"
"754","PLK1","MCM7"
"755","YWHAB","CDC25B"
"756","YWHAB","CDC25C"
"757","YWHAB","MDM4"
"758","YWHAB","ZFP36"
"759","YWHAB","RNPS1"
"760","YWHAG","CDC25B"
"761","YWHAG","CDC25C"
"762","YWHAG","EGR1"
"763","YWHAG","JUNB"
"764","YWHAG","MDM4"
"765","YWHAG","MCM5"
"766","YWHAG","RNPS1"
"767","YWHAZ","CDC25B"
"768","YWHAZ","CDC25C"
"769","YWHAZ","ATF2"
"770","YWHAZ","EGR1"
"771","YWHAZ","MDM4"
"772","YWHAZ","NFYA"
"773","PRKDC","HMGB2"
"774","PRKDC","ILF2"
"775","PRKDC","XRCC6"
"776","CDC25B","FOXM1"
"777","CDC25C","PPP1CC"
"778","CDC45","NFYA"
"779","CDC45","MCM7"
"780","CDC6","FOXM1"
"781","GSK3B","FRAT1"
"782","GSK3B","PARD3"
"783","GSK3B","CREB3L4"
"784","GSK3B","NFYC"
"785","CCNB1","FOXM1"
"786","CCNB1","NFYA"
"787","CCNB1","PTTG1"
"788","CCNB2","ANAPC7"
"789","CCNB2","ANAPC11"
"790","CCNA2","PTMA"
"791","CDK7","ERCC3"
"792","CDK7","PCGF6"
"793","E2F4","WNT5A"
"794","E2F4","WNT9A"
"795","E2F4","PARD3"
"796","E2F4","RASSF4"
"797","E2F4","PTPRB"
"798","E2F4","SMARCE1"
"799","E2F4","HLTF"
"800","E2F4","PTMA"
"801","E2F4","SUZ12"
"802","E2F4","GTF3C2"
"803","E2F4","LHX2"
"804","E2F4","MCM8"
"805","E2F4","SUPT4H1"
"806","E2F4","TRRAP"
"807","E2F4","TK1"
"808","E2F4","CTH"
"809","E2F4","XPO1"
"810","E2F4","BIRC5"
"811","E2F4","PTGS2"
"812","E2F4","MSH2"
"813","E2F4","AURKB"
"814","E2F4","CDCA7"
"815","E2F4","DIRAS3"
"816","E2F4","RRM1"
"817","E2F4","TOP2A"
"818","E2F4","PCLAF"
"819","E2F4","MCM10"
"820","E2F4","PLK4"
"821","E2F4","TOPBP1"
"822","E2F4","TTK"
"823","E2F4","F3"
"824","E2F4","STMN1"
"825","E2F4","TMPO"
"826","E2F4","UBE2S"
"827","E2F4","MKI67"
"828","E2F4","POLD1"
"829","E2F4","PRC1"
"830","E2F4","PPIA"
"831","E2F4","NUP153"
"832","E2F4","NCL"
"833","E2F4","EIF4H"
"834","E2F4","UNG"
"835","E2F4","TRMT6"
"836","E2F4","SMC3"
"837","E2F4","SLC39A14"
"838","E2F4","RANBP1"
"839","E2F4","METTL3"
"840","E2F4","MEPCE"
"841","E2F4","MAPRE1"
"842","E2F4","HMMR"
"843","E2F4","CENPM"
"844","E2F4","CSRNP1"
"845","E2F4","CLIC1"
"846","E2F4","PTBP3"
"847","E2F4","PRR14L"
"848","E2F4","PABPC1"
"849","E2F4","NSF"
"850","E2F4","SUV39H1"
"851","E2F4","SMC4"
"852","E2F4","KDM6A"
"853","E2F4","GINS1"
"854","E2F4","WRAP73"
"855","E2F4","N4BP2L1"
"856","E2F4","STK35"
"857","E2F4","STAG1"
"858","E2F4","SENP1"
"859","E2F4","RPS20"
"860","E2F4","RFC3"
"861","E2F4","PXMP2"
"862","E2F4","PPM1D"
"863","E2F4","POLE2"
"864","E2F4","NUP155"
"865","E2F4","NIPBL"
"866","E2F4","NDC80"
"867","E2F4","MSH6"
"868","E2F4","MSH3"
"869","E2F4","KIAA1143"
"870","E2F4","HAT1"
"871","E2F4","GPR158"
"872","E2F4","GMNN"
"873","E2F4","DTL"
"874","E2F4","DHX9"
"875","E2F4","BROX"
"876","E2F4","ARL6IP6"
"877","E2F4","DHX30"
"878","E2F4","BUB3"
"879","E2F4","STOML2"
"880","E2F4","FBLN1"
"881","E2F4","CHCHD7"
"882","E2F4","RUSC1"
"883","E2F4","SPRY2"
"884","E2F4","TMEM53"
"885","E2F4","SHB"
"886","E2F4","PRIM2"
"887","E2F4","OTUD7B"
"888","E2F4","KIF4A"
"889","E2F4","GON4L"
"890","E2F4","EFCAB7"
"891","E2F4","MRPL49"
"892","E2F4","LRRC4C"
"893","E2F4","TCP1"
"894","E2F4","RPL23A"
"895","E2F4","NEK2"
"896","E2F4","MZT1"
"897","E2F4","GPANK1"
"898","E2F4","CYP2R1"
"899","E2F4","ARHGAP11A"
"900","E2F4","AGBL5"
"901","E2F4","TSNAX"
"902","E2F4","RPL15"
"903","E2F4","RHOBTB1"
"904","E2F4","RFC4"
"905","E2F4","PLSCR4"
"906","E2F4","NR2C2AP"
"907","E2F4","NCBP2"
"908","E2F4","MRTO4"
"909","E2F4","ITGB3BP"
"910","E2F4","GPAA1"
"911","E2F4","FEN1"
"912","E2F4","FARS2"
"913","E2F4","DRG1"
"914","E2F4","DCTPP1"
"915","E2F4","COL4A1"
"916","E2F4","CLK2"
"917","E2F4","CCT3"
"918","E2F4","CALM1"
"919","E2F4","ANLN"
"920","E2F4","BMPR1B"
"921","E2F4","CA2"
"922","E2F4","GJB2"
"923","E2F4","TSPAN7"
"924","E2F4","SLC25A20"
"925","E2F4","RBM22"
"926","E2F4","RABIF"
"927","E2F4","KLHDC3"
"928","E2F4","AP1S1"
"929","E2F4","TBL2"
"930","E2F4","RBM28"
"931","E2F4","NSFL1C"
"932","E2F4","MYOZ3"
"933","E2F4","METTL15"
"934","E2F4","GALNT11"
"935","E2F4","DENR"
"936","E2F4","CNOT10"
"937","E2F4","TUFT1"
"938","E2F4","TACC3"
"939","E2F4","SORL1"
"940","E2F4","SLC16A2"
"941","E2F4","SETD2"
"942","E2F4","SAP30L"
"943","E2F4","RPL29"
"944","E2F4","PRRC2C"
"945","E2F4","PHYHIPL"
"946","E2F4","NPY1R"
"947","E2F4","MRPL24"
"948","E2F4","MELK"
"949","E2F4","COPS6"
"950","E2F4","CLTA"
"951","E2F4","CHRDL1"
"952","E2F4","CBX1"
"953","E2F4","CAPRIN1"
"954","E2F4","BAP1"
"955","E2F4","ARSJ"
"956","E2F4","APIP"
"957","E2F4","STAM"
"958","E2F4","SMC2"
"959","E2F4","RPS4X"
"960","E2F4","G6PD"
"961","E2F4","CSE1L"
"962","E2F4","CENPE"
"963","E2F4","CDC37L1"
"964","E2F5","IGFBP3"
"965","E2F5","WNT5A"
"966","E2F5","WNT9A"
"967","E2F5","SMAD3"
"968","E2F5","PARD3"
"969","E2F5","RASSF4"
"970","E2F5","PTPRB"
"971","E2F5","CAMK2B"
"972","E2F5","IGF2"
"973","E2F5","SDC1"
"974","E2F5","ARID1A"
"975","E2F5","SMARCE1"
"976","E2F5","ATF5"
"977","E2F5","CTCF"
"978","E2F5","HMGA1"
"979","E2F5","HMGB2"
"980","E2F5","PTMA"
"981","E2F5","UHRF1"
"982","E2F5","GTF3C2"
"983","E2F5","LHX2"
"984","E2F5","CDCA7"
"985","E2F5","MCM10"
"986","E2F5","LOXL2"
"987","E2F5","STMN1"
"988","E2F5","TMPO"
"989","E2F5","UBE2S"
"990","E2F5","UNG"
"991","E2F5","TRMT6"
"992","E2F5","SMC3"
"993","E2F5","SLC39A14"
"994","E2F5","RANBP1"
"995","E2F5","METTL3"
"996","E2F5","MEPCE"
"997","E2F5","CSRNP1"
"998","E2F5","CLIC1"
"999","E2F5","PABPC1"
"1000","E2F5","NSF"
"1001","E2F5","SUV39H1"
"1002","E2F5","SMC4"
"1003","E2F5","KDM6A"
"1004","E2F5","GINS1"
"1005","E2F5","WRAP73"
"1006","E2F5","N4BP2L1"
"1007","E2F5","STK35"
"1008","E2F5","STAG1"
"1009","E2F5","SENP1"
"1010","E2F5","PXMP2"
"1011","E2F5","PPM1D"
"1012","E2F5","NUP155"
"1013","E2F5","NIPBL"
"1014","E2F5","MSH6"
"1015","E2F5","MSH3"
"1016","E2F5","KIAA1143"
"1017","E2F5","HAT1"
"1018","E2F5","GPR158"
"1019","E2F5","GMNN"
"1020","E2F5","DTL"
"1021","E2F5","DHX9"
"1022","E2F5","BROX"
"1023","E2F5","ARL6IP6"
"1024","E2F5","DHX30"
"1025","E2F5","STOML2"
"1026","E2F5","FBLN1"
"1027","E2F5","CHCHD7"
"1028","E2F5","SPRY2"
"1029","E2F5","TMEM53"
"1030","E2F5","OTUD7B"
"1031","E2F5","GON4L"
"1032","E2F5","EFCAB7"
"1033","E2F5","MRPL49"
"1034","E2F5","TCP1"
"1035","E2F5","MZT1"
"1036","E2F5","CYP2R1"
"1037","E2F5","ARHGAP11A"
"1038","E2F5","AGBL5"
"1039","E2F5","RPL15"
"1040","E2F5","RHOBTB1"
"1041","E2F5","MRTO4"
"1042","E2F5","GPAA1"
"1043","E2F5","FARS2"
"1044","E2F5","DCTPP1"
"1045","E2F5","CLK2"
"1046","E2F5","CCT3"
"1047","E2F5","TSPAN7"
"1048","E2F5","SLC25A20"
"1049","E2F5","RBM22"
"1050","E2F5","KLHDC3"
"1051","E2F5","AP1S1"
"1052","E2F5","RBM28"
"1053","E2F5","MYOZ3"
"1054","E2F5","METTL15"
"1055","E2F5","GALNT11"
"1056","E2F5","DENR"
"1057","E2F5","CNOT10"
"1058","E2F5","SORL1"
"1059","E2F5","SETD2"
"1060","E2F5","SAP30L"
"1061","E2F5","PRRC2C"
"1062","E2F5","PHYHIPL"
"1063","E2F5","MRPL24"
"1064","E2F5","MELK"
"1065","E2F5","COPS6"
"1066","E2F5","CLTA"
"1067","E2F5","CHRDL1"
"1068","E2F5","CBX1"
"1069","E2F5","CAPRIN1"
"1070","E2F5","BAP1"
"1071","E2F5","ARSJ"
"1072","E2F5","APIP"
"1073","E2F1","E2F1"
"1074","E2F2","WNT5A"
"1075","E2F2","WNT9A"
"1076","E2F2","RPS6KB1"
"1077","E2F2","CCNE1"
"1078","E2F2","CCNE2"
"1079","E2F2","PARD3"
"1080","E2F2","RASSF4"
"1081","E2F2","PTPRB"
"1082","E2F2","ARID1A"
"1083","E2F2","SMARCE1"
"1084","E2F2","HMGB2"
"1085","E2F2","PTMA"
"1086","E2F2","SUZ12"
"1087","E2F2","UHRF1"
"1088","E2F2","ARID3B"
"1089","E2F2","GTF3C2"
"1090","E2F2","LHX2"
"1091","E2F2","XPO1"
"1092","E2F2","SERPINE1"
"1093","E2F2","PTGS2"
"1094","E2F2","CDCA7"
"1095","E2F2","MCM10"
"1096","E2F2","STMN1"
"1097","E2F2","TMPO"
"1098","E2F2","UBE2S"
"1099","E2F2","SLC2A3"
"1100","E2F2","NUP153"
"1101","E2F2","UNG"
"1102","E2F2","TRMT6"
"1103","E2F2","SMC3"
"1104","E2F2","SLC39A14"
"1105","E2F2","RANBP1"
"1106","E2F2","METTL3"
"1107","E2F2","MEPCE"
"1108","E2F2","MAPRE1"
"1109","E2F2","EPM2A"
"1110","E2F2","CENPM"
"1111","E2F2","CSRNP1"
"1112","E2F2","CLIC1"
"1113","E2F2","PTBP3"
"1114","E2F2","PRR14L"
"1115","E2F2","PABPC1"
"1116","E2F2","NSF"
"1117","E2F2","SUV39H1"
"1118","E2F2","SMC4"
"1119","E2F2","KDM6A"
"1120","E2F2","GINS1"
"1121","E2F2","WRAP73"
"1122","E2F2","N4BP2L1"
"1123","E2F2","STK35"
"1124","E2F2","STAG1"
"1125","E2F2","SENP1"
"1126","E2F2","RPS20"
"1127","E2F2","PXMP2"
"1128","E2F2","PPM1D"
"1129","E2F2","POLE2"
"1130","E2F2","NUP155"
"1131","E2F2","NIPBL"
"1132","E2F2","MSH6"
"1133","E2F2","MSH3"
"1134","E2F2","KIAA1143"
"1135","E2F2","HAT1"
"1136","E2F2","GPR158"
"1137","E2F2","GMNN"
"1138","E2F2","DTL"
"1139","E2F2","DHX9"
"1140","E2F2","BROX"
"1141","E2F2","ARL6IP6"
"1142","E2F2","DHX30"
"1143","E2F2","STOML2"
"1144","E2F2","FBLN1"
"1145","E2F2","DPF2"
"1146","E2F2","CHCHD7"
"1147","E2F2","RUSC1"
"1148","E2F2","SPRY2"
"1149","E2F2","TMEM53"
"1150","E2F2","SHB"
"1151","E2F2","OTUD7B"
"1152","E2F2","GON4L"
"1153","E2F2","EFCAB7"
"1154","E2F2","ACSL1"
"1155","E2F2","MRPL49"
"1156","E2F2","LRRC4C"
"1157","E2F2","CDCA3"
"1158","E2F2","USP1"
"1159","E2F2","TCP1"
"1160","E2F2","NEK2"
"1161","E2F2","MZT1"
"1162","E2F2","LBR"
"1163","E2F2","DCAF7"
"1164","E2F2","CYP2R1"
"1165","E2F2","ARHGAP11A"
"1166","E2F2","AGBL5"
"1167","E2F2","RPL15"
"1168","E2F2","RHOBTB1"
"1169","E2F2","NR2C2AP"
"1170","E2F2","NCBP2"
"1171","E2F2","MRTO4"
"1172","E2F2","GPAA1"
"1173","E2F2","FARS2"
"1174","E2F2","DCTPP1"
"1175","E2F2","CLK2"
"1176","E2F2","CCT3"
"1177","E2F2","C11orf54"
"1178","E2F2","TRMT12"
"1179","E2F2","BMPR1B"
"1180","E2F2","CA2"
"1181","E2F2","OAS2"
"1182","E2F2","TSPAN7"
"1183","E2F2","SLC25A20"
"1184","E2F2","RBM22"
"1185","E2F2","KLHDC3"
"1186","E2F2","AP1S1"
"1187","E2F2","RBM28"
"1188","E2F2","NSFL1C"
"1189","E2F2","MYOZ3"
"1190","E2F2","METTL15"
"1191","E2F2","GALNT11"
"1192","E2F2","DENR"
"1193","E2F2","CNOT10"
"1194","E2F2","TUFT1"
"1195","E2F2","TACC3"
"1196","E2F2","SORL1"
"1197","E2F2","SLC16A2"
"1198","E2F2","SETD2"
"1199","E2F2","SAP30L"
"1200","E2F2","RPL29"
"1201","E2F2","PRRC2C"
"1202","E2F2","PHYHIPL"
"1203","E2F2","NPY1R"
"1204","E2F2","MRPL24"
"1205","E2F2","MELK"
"1206","E2F2","COPS6"
"1207","E2F2","CLTA"
"1208","E2F2","CHRDL1"
"1209","E2F2","CBX1"
"1210","E2F2","CAPRIN1"
"1211","E2F2","BAP1"
"1212","E2F2","ARSJ"
"1213","E2F2","APIP"
"1214","E2F2","UTRN"
"1215","E2F2","RDH16"
"1216","E2F2","GCHFR"
"1217","E2F2","ACTR6"
"1218","E2F3","E2F3"
"1219","HDAC1","HDAC1"
"1220","HDAC2","CDC20"
"1221","HDAC2","CCNE1"
"1222","HDAC2","MECOM"
"1223","HDAC2","PA2G4"
"1224","HDAC2","PTMA"
"1225","HDAC2","RFX5"
"1226","HDAC2","DDX20"
"1227","HDAC2","HIF1AN"
"1228","HDAC2","SNW1"
"1229","HDAC2","CCL2"
"1230","HDAC2","SETDB1"
"1231","HDAC2","TOP2A"
"1232","HDAC2","CD1D"
"1233","HDAC2","SUV39H1"
"1234","HDAC2","BUB3"
"1235","HDAC2","CDYL"
"1236","ANAPC5","PTTG1"
"1237","ANAPC7","PTTG1"
"1238","ANAPC11","PTTG1"
"1239","CDC23","NFYC"
"1240","CDC23","PTTG1"
"1241","CDC20","FBXO5"
"1242","CDC20","MAD2L1"
"1243","CDC20","NFYA"
"1244","CDC20","NFYC"
"1245","CDC20","PTTG1"
"1246","CDC20","YBX1"
"1247","PPP1CC","SMARCB1"
"1248","PPP1CC","WBP11"
"1249","PPP1CC","TRPM8"
"1250","IGFBP3","CTCF"
"1251","IGFBP3","DNMT3A"
"1252","SH3GLB2","EGR1"
"1253","EHD3","RBSN"
"1254","RBSN","VPS45"
"1255","RBSN","RAB4A"
"1256","RILP","TUBA1B"
"1257","DYNC1H1","TUBA1B"
"1258","DYNC1I2","TUBA1B"
"1259","RRAGC","EGR1"
"1260","RRAGC","EGR2"
"1261","RPS6KA3","EGR3"
"1262","RPS6KA3","MEFV"
"1263","PRKAA2","ELAVL1"
"1264","PRKAA2","EGR2"
"1265","PRKAA2","EGR3"
"1266","PRKAA2","ACACA"
"1267","PRKAA2","ACACB"
"1268","WNT16","FZD10"
"1269","WNT16","SFRP1"
"1270","WNT16","CTCF"
"1271","WNT16","NFYA"
"1272","WNT16","NFYC"
"1273","WNT4","FZD10"
"1274","WNT4","CTCF"
"1275","WNT1","LRP6"
"1276","WNT2","ATF5"
"1277","WNT3","LRP6"
"1278","WNT5A","LRP6"
"1279","WNT5A","EGR2"
"1280","WNT5A","EGR3"
"1281","WNT6","LRP6"
"1282","WNT7A","FZD10"
"1283","WNT7A","CTCF"
"1284","WNT7B","LRP6"
"1285","WNT7B","ZIC2"
"1286","WNT8A","FZD10"
"1287","WNT8A","CTCF"
"1288","WNT8B","FZD10"
"1289","WNT10B","LRP6"
"1290","WNT11","FZD10"
"1291","WNT11","ATF2"
"1292","WNT11","ATF5"
"1293","WNT11","EGR1"
"1294","WNT11","JUNB"
"1295","WNT9A","FZD10"
"1296","WNT9B","LRP6"
"1297","WNT10A","ATF5"
"1298","WNT5B","LRP6"
"1299","WNT3A","LRP6"
"1300","FZD10","DVL1"
"1301","FZD5","EGR1"
"1302","FZD3","EGR2"
"1303","FZD1","DVL1"
"1304","FZD7","EGR1"
"1305","FZD8","DVL1"
"1306","FZD9","EGR2"
"1307","FZD9","EGR3"
"1308","LRP6","DVL1"
"1309","LRP6","ATF5"
"1310","LRP5","DVL1"
"1311","LRP5","EGR3"
"1312","DVL1","NKD2"
"1313","DVL1","FRAT1"
"1314","DVL1","FRAT2"
"1315","DVL1","BRD7"
"1316","DVL1","EGR1"
"1317","DVL2","NKD2"
"1318","DVL2","FRAT1"
"1319","DVL2","RNPS1"
"1320","DVL3","NKD2"
"1321","DVL3","FRAT1"
"1322","DVL3","KAT7"
"1323","RPS6KB1","EIF4B"
"1324","RPS6KB2","EIF4B"
"1325","HSP90AA1","NR3C2"
"1326","HSP90AA1","NR2C2"
"1327","HSP90AB1","ATF2"
"1328","HSP90AB1","EGR1"
"1329","HSP90AB1","NR2C2"
"1330","PTK2","ITGA2"
"1331","PTK2","ITGA6"
"1332","PRKAG2","ADRA1A"
"1333","PRKAG2","BMP8A"
"1334","PRKAG2","ADIPOR1"
"1335","PRKAG2","ACACA"
"1336","PRKAG2","ACACB"
"1337","PRKAB1","ELAVL1"
"1338","PRKAB1","ACACA"
"1339","PRKAB1","ACACB"
"1340","PRKAB2","ELAVL1"
"1341","PRKAB2","ACACA"
"1342","PRKAB2","ACACB"
"1343","PRKAG1","ELAVL1"
"1344","PRKAG1","EGR2"
"1345","PRKAG1","ZIC2"
"1346","PRKAG1","ACACA"
"1347","PRKAG1","ACACB"
"1348","ELAVL1","TRAF5"
"1349","ELAVL1","ATF2"
"1350","ELAVL1","ATF5"
"1351","ELAVL1","NFYA"
"1352","ELAVL1","ZFP36"
"1353","FOS","FOS"
"1354","MYC","MYC"
"1355","CCNE1","SMARCC1"
"1356","CCNE1","EGR2"
"1357","CCNE1","EGR3"
"1358","CCNE1","EZH2"
"1359","CCNE1","TCF19"
"1360","RAD1","RAD1"
"1361","PRKCD","NFE2L2"
"1362","PRKCD","EGR2"
"1363","PRKCD","EGR3"
"1364","PRKCD","TRPV4"
"1365","TLE1","TLE1"
"1366","TLE1","FUBP1"
"1367","TLE1","KDM6A"
"1368","LEF1","LEF1"
"1369","LEF1","TCF7L1"
"1370","LEF1","SMAD3"
"1371","LEF1","AXIN2"
"1372","LEF1","EGR2"
"1373","LEF1","CD1D"
"1374","LEF1","HERC2"
"1375","TCF7","AXIN1"
"1376","TCF7","TERT"
"1377","TCF7","BIRC5"
"1378","TCF7L2","RUVBL1"
"1379","TCF7L2","CSNK2A1"
"1380","TCF7L2","AXIN1"
"1381","TCF7L2","BIRC5"
"1382","TCF7L2","PTGS2"
"1383","TCF7L2","STARD7"
"1384","TCF7L1","RUVBL1"
"1385","TCF7L1","AXIN1"
"1386","TCF7L1","CTCF"
"1387","TCF7L1","BIRC5"
"1388","RUVBL1","ACTL6A"
"1389","RUVBL1","RUVBL2"
"1390","RUVBL1","DKC1"
"1391","RUVBL1","PLG"
"1392","CSNK1A1L","AXIN1"
"1393","CSNK1A1L","AXIN2"
"1394","CSNK1A1","ATF2"
"1395","CSNK1A1","ATF5"
"1396","CSNK1A1","EGR1"
"1397","CSNK1A1","HMGB2"
"1398","CSNK1A1","MDM4"
"1399","APC2","AXIN2"
"1400","APC","APC"
"1401","CTNNB1","CTNNB1"
"1402","SFRP1","CTCF"
"1403","SFRP1","DNMT1"
"1404","SFRP1","EZH2"
"1405","SFRP5","DNMT3A"
"1406","SMAD2","SMAD2"
"1407","SMAD3","SMAD3"
"1408","SMAD3","PARD3"
"1409","SMAD3","AXIN2"
"1410","SMAD3","ATF2"
"1411","SMAD3","TPM3"
"1412","SMAD3","MECOM"
"1413","SMAD3","HEY1"
"1414","SMAD3","ARID1A"
"1415","SMAD3","CTCF"
"1416","SMAD3","EGR1"
"1417","SMAD3","NCOA6"
"1418","SMAD3","NFYC"
"1419","SMAD3","YBX1"
"1420","SMAD3","MMP9"
"1421","SMAD3","CCL2"
"1422","SMAD3","HSPA4"
"1423","SMAD3","SAP130"
"1424","SMAD3","SVEP1"
"1425","SMAD3","EIF4ENIF1"
"1426","SMAD3","MCM3AP"
"1427","SMAD3","PRKAR2A"
"1428","DCN","NR1H4"
"1429","FYN","HNRNPK"
"1430","FRMD6","EGR2"
"1431","FRMD6","EGR3"
"1432","FRMD6","STK3"
"1433","ACTB","WASF1"
"1434","ACTB","WAS"
"1435","ACTB","ACTR3C"
"1436","ACTB","ITGA2"
"1437","ACTB","CTNNA1"
"1438","ACTB","ARHGAP10"
"1439","ACTB","MYO1B"
"1440","ACTB","MYO5A"
"1441","ACTB","AHNAK"
"1442","ACTB","ITGA6"
"1443","ACTB","ITGA9"
"1444","ACTB","NFYC"
"1445","ACTB","STK3"
"1446","ACTG1","CTNNA1"
"1447","ACTG1","EGR3"
"1448","ACTG1","NR3C2"
"1449","ACTG1","STK3"
"1450","BMP8A","BMPR1A"
"1451","BMP5","BMPR1A"
"1452","RASSF4","STK3"
"1453","PTEN","EZH2"
"1454","PECAM1","PECAM1"
"1455","CSNK2A1","ATF2"
"1456","CSNK2A1","BDP1"
"1457","CSNK2A1","EGR1"
"1458","CSNK2A1","HMGA1"
"1459","CSNK2A1","CUX2"
"1460","CSNK2A1","SSRP1"
"1461","CSNK2A1","ZHX1"
"1462","WASF2","ARF1"
"1463","WASF2","NFYC"
"1464","ARPC1A","EGR1"
"1465","HLA-A","HLA-A"
"1466","HLA-B","NFYA"
"1467","PKN1","CTCF"
"1468","PKN1","MEFV"
"1469","GNB1","EGR1"
"1470","GNB1","EGR2"
"1471","KDM3B","ACTL6B"
"1472","CAMK2B","CTCF"
"1473","CAMK2B","EGR1"
"1474","CAMK2B","EGR2"
"1475","C7","CTCF"
"1476","C8B","CTCF"
"1477","ESR1","ESR1"
"1478","WDR5","CTCF"
"1479","RBBP5","CTCF"
"1480","HDAC6","TARDBP"
"1481","ATF2","ATF2"
"1482","ATF2","CREB3L2"
"1483","ATF2","ARF1"
"1484","ATF2","ARID1B"
"1485","ATF2","SMARCA2"
"1486","ATF2","DPF3"
"1487","ATF2","ITGB8"
"1488","ATF2","EGR1"
"1489","ATF2","HMGA1"
"1490","ATF2","JUNB"
"1491","ATF2","NCOA6"
"1492","ATF2","NFYA"
"1493","ATF2","FAS"
"1494","ATF2","MAP3K1"
"1495","ATF2","IRAK1"
"1496","ATF2","PTGS2"
"1497","ATF2","PCK2"
"1498","ATF2","HNRNPA2B1"
"1499","ATF2","MCM10"
"1500","ATF2","SART3"
"1501","ATF2","CEP55"
"1502","ATF2","RNMT"
"1503","ATF2","SLC38A6"
"1504","ATF2","PWP1"
"1505","ATF2","PFDN6"
"1506","ATF2","ADRA1B"
"1507","ATF2","HNRNPU"
"1508","ATF2","PPM1D"
"1509","ATF2","DTL"
"1510","ATF2","SEC24C"
"1511","ATF2","KCNN3"
"1512","ATF2","SCAMP3"
"1513","ATF2","GAS5"
"1514","ATF2","UNC5C"
"1515","ATF2","RNF44"
"1516","ATF2","ONECUT2"
"1517","ATF2","LOX"
"1518","ATF2","FGF13"
"1519","ATF2","CPNE1"
"1520","ATF2","UBR5"
"1521","ATF2","TBCC"
"1522","ATF2","KCNN2"
"1523","ATF2","ZBTB37"
"1524","ATF2","SNRNP40"
"1525","ATF2","SLC31A1"
"1526","ATF2","NUDT3"
"1527","ATF2","NDUFA2"
"1528","ATF2","KRTCAP2"
"1529","ATF2","AHCTF1"
"1530","ATF2","TSPAN7"
"1531","ATF2","CDKL5"
"1532","ATF2","C1orf74"
"1533","ATF2","UBE2I"
"1534","ATF2","RCC2"
"1535","ATF2","RAD51C"
"1536","ATF2","KIAA0232"
"1537","ATF2","CRNDE"
"1538","ATF2","C1orf35"
"1539","ATF2","SLC25A37"
"1540","ATF2","HHIP"
"1541","ATF2","FBXO4"
"1542","ATF2","CENPE"
"1543","ATF2","ZWILCH"
"1544","ATF2","PEX5"
"1545","ATF2","RINT1"
"1546","ATF2","RBM12"
"1547","ATF2","IGFBP4"
"1548","ATF2","KLHL12"
"1549","ATF2","CCDC86"
"1550","ATF2","ZNF746"
"1551","ATF2","ZNF711"
"1552","ATF2","TAF2"
"1553","ATF2","SLC5A7"
"1554","ATF2","NEDD1"
"1555","ATF2","SUV39H2"
"1556","ATF2","RAB25"
"1557","ATF2","OIT3"
"1558","ATF2","FAM91A1"
"1559","ATF2","EXOC6B"
"1560","ATF2","EIF3D"
"1561","ARF1","ATF5"
"1562","ARF1","MDM4"
"1563","ARF1","WBP11"
"1564","MYO10","EGR2"
"1565","MYO10","EGR3"
"1566","HK3","BAX"
"1567","HKDC1","BAX"
"1568","EXOC2","RALA"
"1569","EXOC2","EXOC4"
"1570","RALA","RALBP1"
"1571","DYNLL1","EGR2"
"1572","DYNLL1","EGR3"
"1573","DYNLL1","NRF1"
"1574","DYNLL1","ZMYND11"
"1575","DYNLL1","TUBA1B"
"1576","DCTN2","EGR2"
"1577","DCTN2","EGR3"
"1578","DCTN2","TUBA1B"
"1579","DCTN4","HSF2"
"1580","DCTN4","TUBA1B"
"1581","SERPING1","C1R"
"1582","FCGR3B","NFYA"
"1583","LAMB4","ITGA6"
"1584","LAMA2","ITGA6"
"1585","LAMA4","ITGA6"
"1586","LAMA4","BRD7"
"1587","CFI","CTCF"
"1588","CFI","C3"
"1589","MRC1","IL10"
"1590","MRC2","IL10"
"1591","CLEC4M","JUNB"
"1592","CLEC4M","IL10"
"1593","TERT","ETV4"
"1594","TERT","RUVBL2"
"1595","TERT","XRCC6"
"1596","ATP6V1F","EGR2"
"1597","ATP6V1F","EGR3"
"1598","MAD2L1","CTCF"
"1599","ETS2","ETS2"
"1600","ETS2","CTCF"
"1601","ETS2","EGR1"
"1602","ETS2","ETV4"
"1603","ETS2","JUNB"
"1604","ETS2","MMP9"
"1605","ETS2","CD4"
"1606","IRF3","IRF3"
"1607","IGF2","GPC3"
"1608","IGF2","EGR2"
"1609","IGF2","EGR3"
"1610","IGF2","PLAG1"
"1611","IGF2","SUZ12"
"1612","CKS1B","CTCF"
"1613","CKS1B","NFYA"
"1614","CKS1B","NFYC"
"1615","CKS1B","SKP2"
"1616","CKS2","SKP2"
"1617","NFE2L2","EGR1"
"1618","NFE2L2","ZIC2"
"1619","NFE2L2","HMOX1"
"1620","NFE2L2","NQO1"
"1621","NFE2L2","EIF2AK1"
"1622","NFE2L2","CFTR"
"1623","NFE2L2","HBB"
"1624","SDC1","CTCF"
"1625","CAMK1","EGR2"
"1626","CAMK1","EGR3"
"1627","MECOM","SMARCA4"
"1628","HEY1","HEY1"
"1629","HEY1","NFYC"
"1630","ARID1B","ARID1B"
"1631","ARID1B","SMARCB1"
"1632","ARID1B","SMARCA2"
"1633","ARID1B","JUNB"
"1634","ARID1A","SMARCB1"
"1635","SMARCB1","SMARCB1"
"1636","SMARCB1","PHF10"
"1637","SMARCB1","DPF3"
"1638","SMARCB1","ACTL6B"
"1639","SMARCB1","SMARCD2"
"1640","SMARCB1","SMARCD3"
"1641","SMARCB1","JUNB"
"1642","SMARCB1","UBQLN4"
"1643","SMARCC1","SMARCD3"
"1644","SMARCC1","ARID2"
"1645","SMARCC2","CTCF"
"1646","SMARCC2","BAZ1B"
"1647","SMARCC2","ARID2"
"1648","SMARCC2","ITSN1"
"1649","SMARCA2","ACTL6B"
"1650","SMARCA2","ACTL6A"
"1651","SMARCA2","JUNB"
"1652","SMARCA2","ARID2"
"1653","SMARCA2","PRPF6"
"1654","SMARCA4","ACTL6A"
"1655","SMARCA4","ZMYND11"
"1656","SMARCA4","ARID2"
"1657","PHF10","SETDB1"
"1658","PHF10","UTP14A"
"1659","ACTL6B","EGR1"
"1660","ACTL6B","NFYA"
"1661","ACTL6B","NFYC"
"1662","ACTL6A","TRRAP"
"1663","SMARCD1","ATF5"
"1664","SMARCD1","FEZ1"
"1665","SMARCD1","LDOC1"
"1666","SMARCD2","EGR1"
"1667","SMARCD2","EGR2"
"1668","SMARCD3","EGR1"
"1669","SMARCD3","NR1H4"
"1670","SMARCD3","ZIC2"
"1671","SMARCE1","BAZ1B"
"1672","SMARCE1","NCOA2"
"1673","SMARCE1","ARID2"
"1674","ITGB8","EGR1"
"1675","ITGA9","CTCF"
"1676","ABL2","BTF3"
"1677","AATF","TSG101"
"1678","AATF","POLR2J"
"1679","AATF","BAX"
"1680","AATF","LDOC1"
"1681","ATF5","JUNB"
"1682","ATF5","NPM1"
"1683","ATF5","SND1"
"1684","ATF5","SAFB2"
"1685","ATF5","HNRNPA2B1"
"1686","ATF5","CEP55"
"1687","ATF5","PFDN6"
"1688","ATF5","ENOPH1"
"1689","ATF5","ADK"
"1690","ATF5","ADRA1B"
"1691","ATF5","HNRNPU"
"1692","ATF5","LIG3"
"1693","ATF5","RUSC1"
"1694","ATF5","PHACTR3"
"1695","ATF5","RNF44"
"1696","ATF5","ONECUT2"
"1697","ATF5","LOX"
"1698","ATF5","FGF13"
"1699","ATF5","PCDH9"
"1700","ATF5","KLF13"
"1701","ATF5","KCNN2"
"1702","ATF5","UCK2"
"1703","ATF5","STAMBP"
"1704","ATF5","NUDT3"
"1705","ATF5","KRTCAP2"
"1706","ATF5","CIRBP-AS1"
"1707","ATF5","ACBD4"
"1708","ATF5","CDKL5"
"1709","ATF5","DNAJC7"
"1710","ATF5","COPA"
"1711","ATF5","TSPYL1"
"1712","ATF5","RAD51C"
"1713","ATF5","HHIP"
"1714","ATF5","FBXO4"
"1715","ATF5","CENPE"
"1716","ATF5","ZWILCH"
"1717","ATF5","PEX5"
"1718","ATF5","LPP"
"1719","ATF5","DNAJC9"
"1720","ATF5","KLHL12"
"1721","ATF5","ZNF746"
"1722","ATF5","ZNF711"
"1723","ATF5","TAPT1"
"1724","ATF5","TAF2"
"1725","ATF5","SLC5A7"
"1726","ATF5","RPS27"
"1727","ATF5","NEDD1"
"1728","ATF5","MCAM"
"1729","ATF5","IGF2BP2"
"1730","ATF5","GGNBP2"
"1731","BARD1","BARD1"
"1732","BDP1","POLR3F"
"1733","BRCA1","BRCA1"
"1734","BRD7","PTPN13"
"1735","BRD7","RPLP1"
"1736","BRD7","PAFAH1B3"
"1737","CLOCK","CTCF"
"1738","CLOCK","CSNK1D"
"1739","CTCF","CTCF"
"1740","CTCF","EGR1"
"1741","CTCF","NFYA"
"1742","CTCF","TAF4"
"1743","CTCF","YBX1"
"1744","CTCF","FOXP1"
"1745","CTCF","PBXIP1"
"1746","CTCF","POLR2J"
"1747","CTCF","REXO4"
"1748","CTCF","SNRPD1"
"1749","CTCF","TCERG1"
"1750","CTCF","ZHX1"
"1751","CTCF","ZNF398"
"1752","CTCF","INMT"
"1753","CTCF","SUOX"
"1754","CTCF","FAS"
"1755","CTCF","BAK1"
"1756","CTCF","C1R"
"1757","CTCF","PTGS2"
"1758","CTCF","PCK2"
"1759","CTCF","MDC1"
"1760","CTCF","PLK4"
"1761","CTCF","CXCL12"
"1762","CTCF","ADAMTS1"
"1763","CTCF","RPLP0"
"1764","CTCF","CD82"
"1765","CTCF","SOCS2"
"1766","CTCF","IPO7"
"1767","CTCF","NOL7"
"1768","CTCF","PRCP"
"1769","CTCF","TRMT6"
"1770","CTCF","PSMA1"
"1771","CTCF","POLG2"
"1772","CTCF","PDE2A"
"1773","CTCF","MEPCE"
"1774","CTCF","MAPRE1"
"1775","CTCF","KHK"
"1776","CTCF","CUTA"
"1777","CTCF","CLIC1"
"1778","CTCF","STAG1"
"1779","CTCF","DTL"
"1780","CTCF","PPFIBP2"
"1781","CTCF","HPX"
"1782","CTCF","VIPR1"
"1783","CTCF","PRPF6"
"1784","CTCF","KDM6B"
"1785","CTCF","GAS1"
"1786","CTCF","FAM216A"
"1787","CTCF","DUSP12"
"1788","CTCF","UBQLN4"
"1789","CTCF","SORT1"
"1790","CTCF","SLC5A5"
"1791","CTCF","RBMS3"
"1792","CTCF","PITPNM3"
"1793","CTCF","TRMT112"
"1794","CTCF","TMEM53"
"1795","CTCF","SNRPD2"
"1796","CTCF","RALGPS2"
"1797","CTCF","PIPOX"
"1798","CTCF","MRO"
"1799","CTCF","LOX"
"1800","CTCF","IL13RA2"
"1801","CTCF","GORASP2"
"1802","CTCF","FGF13"
"1803","CTCF","EPB41L4A"
"1804","CTCF","DENND4B"
"1805","CTCF","CPNE1"
"1806","CTCF","AARS2"
"1807","CTCF","VKORC1"
"1808","CTCF","RBP5"
"1809","CTCF","NIPAL3"
"1810","CTCF","MPZL1"
"1811","CTCF","FAM83D"
"1812","CTCF","ARL15"
"1813","CTCF","ZNF692"
"1814","CTCF","UCKL1"
"1815","CTCF","U2SURP"
"1816","CTCF","TTC27"
"1817","CTCF","SLC27A5"
"1818","CTCF","RPS24"
"1819","CTCF","RAB13"
"1820","CTCF","MIEN1"
"1821","CTCF","LSM4"
"1822","CTCF","KRTCAP2"
"1823","CTCF","KPTN"
"1824","CTCF","GPSM2"
"1825","CTCF","FABP5"
"1826","CTCF","DNAJC5"
"1827","CTCF","CTSA"
"1828","CTCF","TRMT12"
"1829","CTCF","SLCO4C1"
"1830","CTCF","ZNF3"
"1831","CTCF","TIGD1"
"1832","CTCF","PCBP2"
"1833","CTCF","MANEAL"
"1834","CTCF","KIAA0232"
"1835","CTCF","CAMSAP1"
"1836","CTCF","C1orf35"
"1837","CTCF","SPSB2"
"1838","CTCF","SLC25A37"
"1839","CTCF","PRRC2C"
"1840","CTCF","MELK"
"1841","CTCF","CLTA"
"1842","CTCF","OLFML3"
"1843","CTCF","ZNF282"
"1844","CTCF","TRNP1"
"1845","CTCF","TMEM65"
"1846","CTCF","TMEM30B"
"1847","CTCF","TCHP"
"1848","CTCF","TBC1D14"
"1849","CTCF","SAMHD1"
"1850","CTCF","RTP3"
"1851","CTCF","RPL12"
"1852","CTCF","RINT1"
"1853","CTCF","RIC3"
"1854","CTCF","RBM4B"
"1855","CTCF","RBM24"
"1856","CTCF","RBM12"
"1857","CTCF","RAB11FIP4"
"1858","CTCF","PRMT3"
"1859","CTCF","PRKD2"
"1860","CTCF","PBLD"
"1861","CTCF","NVL"
"1862","CTCF","MTX1"
"1863","CTCF","MFAP3L"
"1864","CTCF","MASP1"
"1865","CTCF","KCTD6"
"1866","CTCF","IGFBP4"
"1867","CTCF","HJURP"
"1868","CTCF","GABPB2"
"1869","CTCF","FNTB"
"1870","CTCF","ECHDC2"
"1871","CTCF","DHX16"
"1872","CTCF","CNTFR"
"1873","CTCF","CDKN2AIPNL"
"1874","CTCF","CD300LB"
"1875","CTCF","CCDC142"
"1876","CTCF","C6orf141"
"1877","CTCF","C1RL"
"1878","CTCF","C18orf54"
"1879","CTCF","BDH2"
"1880","CTCF","AVL9"
"1881","CTCF","ADAMTSL2"
"1882","DACH1","UBE2I"
"1883","DNMT1","DNMT1"
"1884","DNMT1","EZH2"
"1885","DNMT1","BIRC5"
"1886","DNMT1","EPCAM"
"1887","DNMT1","MSH2"
"1888","DNMT1","PROM1"
"1889","DNMT1","SUV39H1"
"1890","DNMT1","CBX1"
"1891","DNMT3A","EZH2"
"1892","DNMT3A","SETDB1"
"1893","DNMT3A","SUV39H1"
"1894","DNMT3A","UBE2I"
"1895","DNMT3A","CBX1"
"1896","DR1","EGR1"
"1897","DR1","NR1I2"
"1898","DR1","NR2C2"
"1899","DR1","PTGS2"
"1900","DR1","POLE3"
"1901","E2F8","NFYA"
"1902","EBF1","EBF1"
"1903","EGR1","EGR1"
"1904","EGR1","EGR2"
"1905","EGR1","ETV4"
"1906","EGR1","EZH2"
"1907","EGR1","HMGA1"
"1908","EGR1","ID2"
"1909","EGR1","NFYA"
"1910","EGR1","NFYC"
"1911","EGR1","NRF1"
"1912","EGR1","PLAG1"
"1913","EGR1","YBX1"
"1914","EGR1","CBX3"
"1915","EGR1","CNOT4"
"1916","EGR1","DNAJC2"
"1917","EGR1","EP400"
"1918","EGR1","EZH1"
"1919","EGR1","FUS"
"1920","EGR1","GTF2H4"
"1921","EGR1","HAX1"
"1922","EGR1","PAPOLA"
"1923","EGR1","PDCD11"
"1924","EGR1","TCFL5"
"1925","EGR1","ZHX1"
"1926","EGR1","ACADM"
"1927","EGR1","PGP"
"1928","EGR1","FANCI"
"1929","EGR1","HSPB1"
"1930","EGR1","PTGS2"
"1931","EGR1","MSH2"
"1932","EGR1","ATAD2"
"1933","EGR1","HYAL1"
"1934","EGR1","TFPI2"
"1935","EGR1","HSPA4"
"1936","EGR1","SOCS2"
"1937","EGR1","EIF4H"
"1938","EGR1","TRMT6"
"1939","EGR1","SRD5A1"
"1940","EGR1","SET"
"1941","EGR1","REPIN1"
"1942","EGR1","PLOD3"
"1943","EGR1","MEPCE"
"1944","EGR1","LAGE3"
"1945","EGR1","GNS"
"1946","EGR1","AGAP3"
"1947","EGR1","CSRNP1"
"1948","EGR1","USP39"
"1949","EGR1","PUF60"
"1950","EGR1","NSF"
"1951","EGR1","NDUFA4L2"
"1952","EGR1","ASXL2"
"1953","EGR1","MSH6"
"1954","EGR1","UBQLN4"
"1955","EGR1","STK39"
"1956","EGR1","PODXL"
"1957","EGR1","LIFR"
"1958","EGR1","FGF13"
"1959","EGR1","EFCAB7"
"1960","EGR1","CENPQ"
"1961","EGR1","MRPL49"
"1962","EGR1","SLC25A6"
"1963","EGR1","RPL18"
"1964","EGR1","MSTO1"
"1965","EGR1","LCMT1"
"1966","EGR1","GPANK1"
"1967","EGR1","DLGAP5"
"1968","EGR1","DCAF7"
"1969","EGR1","CCT6A"
"1970","EGR1","ZNF740"
"1971","EGR1","XPO5"
"1972","EGR1","USH1G"
"1973","EGR1","SRXN1"
"1974","EGR1","SLC39A10"
"1975","EGR1","PUS7"
"1976","EGR1","PHIP"
"1977","EGR1","PFDN2"
"1978","EGR1","PAXIP1"
"1979","EGR1","NOL11"
"1980","EGR1","MEA1"
"1981","EGR1","ISG20L2"
"1982","EGR1","HSDL1"
"1983","EGR1","FARS2"
"1984","EGR1","CALM1"
"1985","EGR1","C1orf216"
"1986","EGR1","BZW2"
"1987","EGR1","ANXA3"
"1988","EGR1","YEATS2"
"1989","EGR1","NCAPD2"
"1990","EGR1","CCT4"
"1991","EGR1","TRIM15"
"1992","EGR1","SNX12"
"1993","EGR1","PRPF3"
"1994","EGR1","CAMSAP2"
"1995","EGR1","ZNF3"
"1996","EGR1","ZDHHC16"
"1997","EGR1","ZBTB41"
"1998","EGR1","VPS26A"
"1999","EGR1","UBXN2B"
"2000","EGR1","UBXN1"
"2001","EGR1","UBA2"
"2002","EGR1","TTPAL"
"2003","EGR1","TTL"
"2004","EGR1","TRMT1"
"2005","EGR1","TF"
"2006","EGR1","TARBP1"
"2007","EGR1","SCGB3A1"
"2008","EGR1","SCARB2"
"2009","EGR1","RPLP2"
"2010","EGR1","RNF144A"
"2011","EGR1","RCAN1"
"2012","EGR1","RBM28"
"2013","EGR1","POGZ"
"2014","EGR1","PCBP2"
"2015","EGR1","OGDHL"
"2016","EGR1","NUB1"
"2017","EGR1","NRBP1"
"2018","EGR1","MYOZ3"
"2019","EGR1","MRPL55"
"2020","EGR1","METTL5"
"2021","EGR1","LYRM4"
"2022","EGR1","LENG8"
"2023","EGR1","INTS4"
"2024","EGR1","HACE1"
"2025","EGR1","GREM2"
"2026","EGR1","GLYAT"
"2027","EGR1","GCKR"
"2028","EGR1","GALNT11"
"2029","EGR1","FNDC4"
"2030","EGR1","FIGNL1"
"2031","EGR1","DONSON"
"2032","EGR1","CTDSP2"
"2033","EGR1","CNOT10"
"2034","EGR1","CIAO1"
"2035","EGR1","CHTOP"
"2036","EGR1","CHD1L"
"2037","EGR1","CHCHD1"
"2038","EGR1","CH25H"
"2039","EGR1","CERS5"
"2040","EGR1","CENPJ"
"2041","EGR1","CARS2"
"2042","EGR1","CAMSAP1"
"2043","EGR1","C1orf35"
"2044","EGR1","C18orf21"
"2045","EGR1","ARHGEF26"
"2046","EGR1","APOBEC3B"
"2047","EGR1","ADAMTS13"
"2048","EGR2","HMGA1"
"2049","EGR2","MAZ"
"2050","EGR2","ARID4B"
"2051","EGR2","DDX20"
"2052","EGR2","MATR3"
"2053","EGR2","RBBP7"
"2054","EGR2","PGP"
"2055","EGR2","FAS"
"2056","EGR2","PTGS2"
"2057","EGR2","KIF2C"
"2058","EGR2","F3"
"2059","EGR2","SOCS2"
"2060","EGR2","AGAP3"
"2061","EGR2","ZSWIM6"
"2062","EGR2","TLCD1"
"2063","EGR2","THOC6"
"2064","EGR2","TDRKH"
"2065","EGR2","RNASEH2A"
"2066","EGR2","PRR14L"
"2067","EGR2","PABPC1"
"2068","EGR2","NDUFA4L2"
"2069","EGR2","MORC2"
"2070","EGR2","LRRC42"
"2071","EGR2","FAM83H"
"2072","EGR2","ANKH"
"2073","EGR2","BROX"
"2074","EGR2","SLC25A39"
"2075","EGR2","SORT1"
"2076","EGR2","XPR1"
"2077","EGR2","TRMT112"
"2078","EGR2","MTCH1"
"2079","EGR2","MID1"
"2080","EGR2","CSNK1G1"
"2081","EGR2","USP1"
"2082","EGR2","KCNN2"
"2083","EGR2","CKAP5"
"2084","EGR2","STAMBP"
"2085","EGR2","SPNS1"
"2086","EGR2","SFT2D2"
"2087","EGR2","PABPC4"
"2088","EGR2","EIF3B"
"2089","EGR2","PTPN3"
"2090","EGR2","LSM2"
"2091","EGR2","PPOX"
"2092","EGR2","UBE2Z"
"2093","EGR2","SF3B4"
"2094","EGR2","PRPF3"
"2095","EGR2","PRKAR2B"
"2096","EGR2","PAFAH1B3"
"2097","EGR2","NTN4"
"2098","EGR2","NKIRAS2"
"2099","EGR2","MRPL34"
"2100","EGR2","MASTL"
"2101","EGR2","ERGIC3"
"2102","EGR2","CYP39A1"
"2103","EGR2","COLEC12"
"2104","EGR2","CEP70"
"2105","EGR2","CDYL"
"2106","EGR2","CCDC124"
"2107","EGR2","C12orf75"
"2108","EGR2","AP1S1"
"2109","EGR2","AGAP1"
"2110","EGR3","MAZ"
"2111","EGR3","PURA"
"2112","EGR3","TAF5"
"2113","EGR3","ARID4B"
"2114","EGR3","EZH1"
"2115","EGR3","KDM5B"
"2116","EGR3","MATR3"
"2117","EGR3","MLLT6"
"2118","EGR3","NR2C2"
"2119","EGR3","RBBP7"
"2120","EGR3","CHKA"
"2121","EGR3","PGP"
"2122","EGR3","KIF2C"
"2123","EGR3","SOCS2"
"2124","EGR3","DCAF11"
"2125","EGR3","UBAP2L"
"2126","EGR3","RANBP1"
"2127","EGR3","AGAP3"
"2128","EGR3","ZSWIM6"
"2129","EGR3","USP39"
"2130","EGR3","TLCD1"
"2131","EGR3","THOC6"
"2132","EGR3","TDRKH"
"2133","EGR3","SNX27"
"2134","EGR3","RNASEH2A"
"2135","EGR3","PRR14L"
"2136","EGR3","PABPC1"
"2137","EGR3","NSF"
"2138","EGR3","NDUFA4L2"
"2139","EGR3","MORC2"
"2140","EGR3","LRRC42"
"2141","EGR3","HNRNPU"
"2142","EGR3","FAM83H"
"2143","EGR3","FAM20B"
"2144","EGR3","BROX"
"2145","EGR3","SORT1"
"2146","EGR3","PITPNM3"
"2147","EGR3","XPR1"
"2148","EGR3","MTCH1"
"2149","EGR3","MID1"
"2150","EGR3","CSNK1G1"
"2151","EGR3","KCNN2"
"2152","EGR3","HNRNPL"
"2153","EGR3","CKAP5"
"2154","EGR3","ZSWIM5"
"2155","EGR3","ZNF706"
"2156","EGR3","USP43"
"2157","EGR3","STAMBP"
"2158","EGR3","SPNS1"
"2159","EGR3","SNX30"
"2160","EGR3","SFT2D2"
"2161","EGR3","DNAJC14"
"2162","EGR3","CALM1"
"2163","EGR3","AHCTF1"
"2164","EGR3","PTPN3"
"2165","EGR3","LSM2"
"2166","EGR3","PPOX"
"2167","EGR3","UBE2Z"
"2168","EGR3","THOC2"
"2169","EGR3","SPINT2"
"2170","EGR3","SF3B4"
"2171","EGR3","PRPF3"
"2172","EGR3","PRKAR2B"
"2173","EGR3","PAFAH1B3"
"2174","EGR3","NTN4"
"2175","EGR3","NKIRAS2"
"2176","EGR3","MRPL34"
"2177","EGR3","MASTL"
"2178","EGR3","LYVE1"
"2179","EGR3","IFFO1"
"2180","EGR3","FSD1L"
"2181","EGR3","FREM2"
"2182","EGR3","FKBP1A"
"2183","EGR3","ERGIC3"
"2184","EGR3","CYP39A1"
"2185","EGR3","COLEC12"
"2186","EGR3","CEP70"
"2187","EGR3","CDYL"
"2188","EGR3","CCDC124"
"2189","EGR3","CAMSAP2"
"2190","EGR3","C12orf75"
"2191","EGR3","AP1S1"
"2192","EGR3","AGAP1"
"2193","ETV4","NFYA"
"2194","ETV4","NR3C2"
"2195","ETV4","TNF"
"2196","ETV4","MMP9"
"2197","ETV4","PTGS2"
"2198","ETV4","PCSK6"
"2199","ETV4","LOX"
"2200","ETV4","BCHE"
"2201","ETV4","OAS2"
"2202","ETV4","MMP12"
"2203","ETV4","MEP1B"
"2204","ETV4","GJB2"
"2205","ETV4","F9"
"2206","ETV4","CETP"
"2207","ETV4","APOH"
"2208","EZH2","NFYA"
"2209","EZH2","ZMYND11"
"2210","EZH2","ADAMTS1"
"2211","EZH2","AXL"
"2212","EZH2","RPLP0"
"2213","FOSB","TAF4"
"2214","FOSB","ZFP36"
"2215","FOSB","BRD8"
"2216","FOSB","KAT7"
"2217","FOSB","RBBP7"
"2218","FOSB","TCEA2"
"2219","FOSB","SERPINE1"
"2220","FOSB","STK3"
"2221","FOSB","MMP9"
"2222","FOSB","MDC1"
"2223","FOSB","ASAP2"
"2224","FOSB","PCSK6"
"2225","FOSB","F3"
"2226","FOSB","TFPI2"
"2227","FOSB","EFTUD2"
"2228","FOSB","NUAK1"
"2229","FOSB","CSRNP1"
"2230","FOSB","CLIC1"
"2231","FOSB","ADRA1B"
"2232","FOSB","FAM83H"
"2233","FOSB","FAF1"
"2234","FOSB","STOML2"
"2235","FOSB","SEMA3F"
"2236","FOSB","S100A8"
"2237","FOSB","KCNN3"
"2238","FOSB","AQP1"
"2239","FOSB","MAP2"
"2240","FOSB","KCNMB2"
"2241","FOSB","ANK3"
"2242","FOSB","KIF14"
"2243","FOSB","KCNN2"
"2244","FOSB","TPD52L2"
"2245","FOSB","SRXN1"
"2246","FOSB","SRPK2"
"2247","FOSB","QSER1"
"2248","FOSB","PTH1R"
"2249","FOSB","PSMG3"
"2250","FOSB","PCDHGA4"
"2251","FOSB","FTL"
"2252","FOSB","DUS4L"
"2253","FOSB","C6orf62"
"2254","FOSB","ZNF532"
"2255","FOSB","TSPAN1"
"2256","FOSB","TPPP2"
"2257","FOSB","SPRR1A"
"2258","FOSB","SLC34A2"
"2259","FOSB","RPP40"
"2260","FOSB","PRSS53"
"2261","FOSB","PRKAR2A"
"2262","FOSB","MICAL2"
"2263","FOSB","GABARAPL1"
"2264","FOSB","CXCL14"
"2265","FOSB","CHST4"
"2266","FOSB","ANXA3"
"2267","FOSB","ANXA10"
"2268","FUBP1","PUF60"
"2269","HDAC4","HDAC4"
"2270","HDGF","FAS"
"2271","HLTF","HERC2"
"2272","HLTF","EEF1G"
"2273","HMGA1","NFYA"
"2274","HMGA1","PTGS2"
"2275","HMGA1","IL1B"
"2276","HMGA1","SLC2A3"
"2277","HMGB2","TNF"
"2278","HMGB2","SET"
"2279","HSF2","KNTC1"
"2280","HSF2","NR2C2"
"2281","HSF2","SUCLG2"
"2282","HSF2","MDC1"
"2283","HSF2","HSPA4"
"2284","HSF2","HNRNPA1"
"2285","HSF2","PTGES3"
"2286","HSF2","KIN"
"2287","HSF2","ZMAT2"
"2288","HSF2","SNRNP40"
"2289","HSF2","CCT3"
"2290","HSF2","YEATS2"
"2291","HSF2","TRMT12"
"2292","HSF2","ST3GAL6"
"2293","HSF2","SMG8"
"2294","HSF2","NUTF2"
"2295","HSF2","NOSIP"
"2296","HSF2","NCAPD2"
"2297","HSF2","KRTAP13-1"
"2298","HSF2","GDI1"
"2299","HSF2","CCT4"
"2300","HSF2","BMPR1B"
"2301","HSF2","ATOH8"
"2302","HSF2","A2MP1"
"2303","HSF2","UBE2I"
"2304","HSF2","NCAPG"
"2305","ID2","ID2"
"2306","ID2","NFYA"
"2307","ILF2","ILF3"
"2308","ILF2","NFYA"
"2309","ILF2","EEF1G"
"2310","ILF3","BIRC5"
"2311","ILF3","NDRG1"
"2312","ILF3","DHX9"
"2313","ILF3","XPO5"
"2314","JUNB","JUNB"
"2315","JUNB","TAF4"
"2316","JUNB","RBBP7"
"2317","JUNB","NQO1"
"2318","JUNB","PTGS2"
"2319","JUNB","MDC1"
"2320","JUNB","F3"
"2321","JUNB","TFPI2"
"2322","JUNB","CD82"
"2323","JUNB","EFTUD2"
"2324","JUNB","NUAK1"
"2325","JUNB","CSRNP1"
"2326","JUNB","CLIC1"
"2327","JUNB","ADRA1B"
"2328","JUNB","SEMA3F"
"2329","JUNB","S100A8"
"2330","JUNB","KCNN3"
"2331","JUNB","AQP1"
"2332","JUNB","ANK3"
"2333","JUNB","KCNN2"
"2334","JUNB","SRXN1"
"2335","JUNB","SRPK2"
"2336","JUNB","PSMG3"
"2337","JUNB","DUS4L"
"2338","JUNB","SPRR1A"
"2339","JUNB","SLC34A2"
"2340","JUNB","RPP40"
"2341","JUNB","PRSS53"
"2342","JUNB","PRKAR2A"
"2343","JUNB","GABARAPL1"
"2344","JUNB","ANXA3"
"2345","KHDRBS1","KHDRBS1"
"2346","MAML1","MAML1"
"2347","MAZ","TSG101"
"2348","MAZ","MMP9"
"2349","MAZ","CD4"
"2350","MCM2","MCM2"
"2351","MCM2","MCM7"
"2352","MCM2","SNF8"
"2353","NCOA6","NCOA6"
"2354","NFYA","NFYA"
"2355","NFYA","NFYC"
"2356","NFYA","NR3C2"
"2357","NFYA","PA2G4"
"2358","NFYA","PLAG1"
"2359","NFYA","TCF19"
"2360","NFYA","UHRF1"
"2361","NFYA","YBX1"
"2362","NFYA","ZNF143"
"2363","NFYA","CNOT6"
"2364","NFYA","HNRNPK"
"2365","NFYA","TCERG1"
"2366","NFYA","ZHX1"
"2367","NFYA","GLUL"
"2368","NFYA","SUOX"
"2369","NFYA","FAS"
"2370","NFYA","MDC1"
"2371","NFYA","ATAD2"
"2372","NFYA","AURKB"
"2373","NFYA","DROSHA"
"2374","NFYA","STMN1"
"2375","NFYA","RPLP0"
"2376","NFYA","HERC2"
"2377","NFYA","HSPA4"
"2378","NFYA","TRIM22"
"2379","NFYA","USP21"
"2380","NFYA","PRCP"
"2381","NFYA","COPZ1"
"2382","NFYA","TRMT6"
"2383","NFYA","SNRPA"
"2384","NFYA","EIF3F"
"2385","NFYA","EIF2S3"
"2386","NFYA","SUV39H1"
"2387","NFYA","MSH6"
"2388","NFYA","DTL"
"2389","NFYA","ZNF189"
"2390","NFYA","ENSA"
"2391","NFYA","BUB3"
"2392","NFYA","SAP130"
"2393","NFYA","PEAK1"
"2394","NFYA","TOMM40L"
"2395","NFYA","SORT1"
"2396","NFYA","NUP93"
"2397","NFYA","DPCD"
"2398","NFYA","ACLY"
"2399","NFYA","TMEM53"
"2400","NFYA","NIF3L1"
"2401","NFYA","MED24"
"2402","NFYA","MRPL49"
"2403","NFYA","ANK3"
"2404","NFYA","ZWINT"
"2405","NFYA","VKORC1"
"2406","NFYA","TMEM9"
"2407","NFYA","TIMM17B"
"2408","NFYA","TERF1"
"2409","NFYA","TCTN2"
"2410","NFYA","TBCC"
"2411","NFYA","SUPV3L1"
"2412","NFYA","STIP1"
"2413","NFYA","STIL"
"2414","NFYA","SLC3A1"
"2415","NFYA","SLC26A2"
"2416","NFYA","SLC25A6"
"2417","NFYA","RPS2"
"2418","NFYA","RPL18"
"2419","NFYA","RPL14"
"2420","NFYA","RFWD3"
"2421","NFYA","RCN2"
"2422","NFYA","RCL1"
"2423","NFYA","RBM10"
"2424","NFYA","RAB4B"
"2425","NFYA","PSMG4"
"2426","NFYA","PRPF31"
"2427","NFYA","PPWD1"
"2428","NFYA","PPFIBP1"
"2429","NFYA","POLRMT"
"2430","NFYA","PNPLA7"
"2431","NFYA","PHF20"
"2432","NFYA","PDZD11"
"2433","NFYA","NIPAL3"
"2434","NFYA","MZT1"
"2435","NFYA","MRPL51"
"2436","NFYA","MPZL1"
"2437","NFYA","MKRN1"
"2438","NFYA","METTL13"
"2439","NFYA","KCTD7"
"2440","NFYA","KCNN2"
"2441","NFYA","IMMP1L"
"2442","NFYA","HNRNPC"
"2443","NFYA","GGCT"
"2444","NFYA","GBAP1"
"2445","NFYA","FASTKD3"
"2446","NFYA","FAM83D"
"2447","NFYA","FAM120AOS"
"2448","NFYA","EXOSC1"
"2449","NFYA","DDX39A"
"2450","NFYA","DCAF7"
"2451","NFYA","CETN2"
"2452","NFYA","CEP152"
"2453","NFYA","CENPK"
"2454","NFYA","CCDC167"
"2455","NFYA","CCDC117"
"2456","NFYA","CALU"
"2457","NFYA","ARRDC4"
"2458","NFYA","ARMC6"
"2459","NFYA","ARL15"
"2460","NFYA","ARHGAP11A"
"2461","NFYA","ANP32E"
"2462","NFYC","PA2G4"
"2463","NFYC","FAS"
"2464","NFYC","STARD7"
"2465","NFYC","AURKA"
"2466","NFYC","RRM2"
"2467","NFYC","TTK"
"2468","NFYC","UBE2S"
"2469","NFYC","KPNB1"
"2470","NFYC","HERC2"
"2471","NFYC","HBB"
"2472","NFYC","OGG1"
"2473","NFYC","DCAF11"
"2474","NFYC","USP21"
"2475","NFYC","SLC7A8"
"2476","NFYC","PRDM10"
"2477","NFYC","PRCP"
"2478","NFYC","PHF6"
"2479","NFYC","NUP37"
"2480","NFYC","COPZ1"
"2481","NFYC","CHP1"
"2482","NFYC","CENPF"
"2483","NFYC","CASP2"
"2484","NFYC","CAND1"
"2485","NFYC","ENOPH1"
"2486","NFYC","MSH6"
"2487","NFYC","PEAK1"
"2488","NFYC","NIF3L1"
"2489","NFYC","ZC2HC1C"
"2490","NFYC","SYT13"
"2491","NFYC","SLBP"
"2492","NFYC","RMST"
"2493","NFYC","RMI2"
"2494","NFYC","PSMD4"
"2495","NFYC","MUC6"
"2496","NFYC","LRRC4C"
"2497","NFYC","GOLPH3L"
"2498","NFYC","GGH"
"2499","NFYC","FLAD1"
"2500","NFYC","DEPDC1B"
"2501","NFYC","CDCA3"
"2502","NFYC","CCDC149"
"2503","NFYC","ANK3"
"2504","NPM1","TCERG1"
"2505","NPM1","XPO1"
"2506","NPM1","NCL"
"2507","NPM1","NOP2"
"2508","NR1H4","NR1I2"
"2509","NR1H4","ABCB4"
"2510","NR1H4","SLCO1B3"
"2511","NR1I2","NR1I2"
"2512","NR1I2","IL10"
"2513","NR1I2","CCL2"
"2514","NR1I2","THRSP"
"2515","NR3C2","PIAS1"
"2516","NR3C2","TRIM24"
"2517","NR3C2","HSPA4"
"2518","NR3C2","PTGES3"
"2519","NR3C2","FXYD2"
"2520","NRF1","NQO1"
"2521","NRF1","IDE"
"2522","PLAG1","KPNA2"
"2523","POU2F1","POU2F1"
"2524","PTMA","KPNB1"
"2525","PTMA","IDO2"
"2526","PTMA","KPNA2"
"2527","PTMA","SET"
"2528","PTMA","VIPR1"
"2529","PTMA","NUTF2"
"2530","PTTG1","XRCC6"
"2531","PTTG1","RPS10"
"2532","PURA","FAS"
"2533","PURA","CDK5"
"2534","RFX5","RFXANK"
"2535","TAF4","CBX3"
"2536","TAF4","TAF2"
"2537","TAF5","CPSF1"
"2538","TAF5","TAF2"
"2539","TCF3","TCF3"
"2540","TRIM16","SETDB1"
"2541","TRIM28","TRIM28"
"2542","TSG101","TTF2"
"2543","TSG101","SNF8"
"2544","TSG101","CEP55"
"2545","TSG101","PPFIBP2"
"2546","TSG101","SCAMP3"
"2547","TSG101","VPS37C"
"2548","TTF2","MATR3"
"2549","TTF2","HNRNPA2B1"
"2550","TTF2","HNRNPA1"
"2551","TTF2","KIF4A"
"2552","TTF2","TACC3"
"2553","UHRF1","TOP2A"
"2554","YBX1","YBX1"
"2555","YBX1","FUS"
"2556","YBX1","HNRNPK"
"2557","YBX1","PCBP2"
"2558","ZIC2","POLR3F"
"2559","ZIC2","SSRP1"
"2560","ZIC2","ADAMTS1"
"2561","ZIC2","SLC13A4"
"2562","ZIC2","THOC6"
"2563","ZIC2","NDUFA4L2"
"2564","ZIC2","KDM6A"
"2565","ZIC2","ZNF189"
"2566","ZIC2","UBE2A"
"2567","ZIC2","TPD52L1"
"2568","ZIC2","PPFIBP2"
"2569","ZIC2","LRG1"
"2570","ZIC2","HPX"
"2571","ZIC2","ENSA"
"2572","ZIC2","DHX30"
"2573","ZIC2","COL4A4"
"2574","ZIC2","BUB3"
"2575","ZNF143","BUB1B"
"2576","BHLHE40","BHLHE40"
"2577","AIRE","AIRE"
"2578","ALYREF","ALYREF"
"2579","ANKZF1","AURKB"
"2580","ANKZF1","CA2"
"2581","ARID4B","SAP130"
"2582","BRD8","TRRAP"
"2583","CBX3","CBX3"
"2584","CBX3","TRIM24"
"2585","CBX3","MKI67"
"2586","CBX3","CBX1"
"2587","CITED2","LHX2"
"2588","CNOT3","CAND1"
"2589","CNOT3","CNOT1"
"2590","CNOT4","CNOT1"
"2591","CNOT4","UBE2D2"
"2592","CNOT6","CNOT6"
"2593","COIL","COIL"
"2594","CTNNBL1","STAMBP"
"2595","DDB2","CUL4A"
"2596","DDB2","CUL4B"
"2597","DDX20","DHX9"
"2598","DDX20","SNRPD2"
"2599","DDX20","SNRPF"
"2600","DDX20","GEMIN5"
"2601","DDX20","SNRPE"
"2602","DEK","DEK"
"2603","DNAJC2","HSPA14"
"2604","DTX1","DTX1"
"2605","EP400","TRRAP"
"2606","ERCC3","GTF2H4"
"2607","ERCC3","MNAT1"
"2608","EZH1","ZMYND11"
"2609","FOXP1","FOXP1"
"2610","FUS","FUS"
"2611","FXR1","FXR1"
"2612","GTF2IRD1","EXOSC4"
"2613","HAX1","ABCB4"
"2614","HAX1","EIF3F"
"2615","HNRNPK","HNRNPK"
"2616","HNRNPK","UBE2I"
"2617","HNRNPK","PCBP2"
"2618","HTATSF1","HTATSF1"
"2619","JDP2","SNW1"
"2620","KAT7","CEP70"
"2621","KAT7","SNAPIN"
"2622","KAT7","RPS10"
"2623","KNTC1","ZWILCH"
"2624","MCM3","SUPT16H"
"2625","MCM3","MCM10"
"2626","MCM3","MCM3AP"
"2627","MCM4","MCM4"
"2628","MCM6","MCM6"
"2629","MCM7","MCM7"
"2630","MCM7","MCM10"
"2631","MCM7","SMC1A"
"2632","MED12","MED12"
"2633","MLLT6","UBQLN4"
"2634","NONO","NONO"
"2635","NR2C2","NR2C2AP"
"2636","PAPOLA","SNRPA"
"2637","PAPOLA","CPSF3"
"2638","PBRM1","PBRM1"
"2639","PBXIP1","UBQLN4"
"2640","PBXIP1","TSNAX"
"2641","PDCD11","S100A8"
"2642","PIAS1","PIAS1"
"2643","PIAS1","UBE2I"
"2644","POLR2G","POLR2G"
"2645","POLR2H","POLR2H"
"2646","PQBP1","WBP11"
"2647","PQBP1","TXNL4A"
"2648","RAD51","RAD51"
"2649","RAD54B","RAD54B"
"2650","RAD54B","PSMA1"
"2651","RAD54B","GORASP2"
"2652","RAD54B","UBE2I"
"2653","RBBP7","SUV39H1"
"2654","RBBP7","DHX30"
"2655","RFC1","RFC1"
"2656","RFC1","RFC3"
"2657","RFC1","SMC1A"
"2658","RNPS1","SART3"
"2659","RNPS1","UBQLN4"
"2660","RUVBL2","NDRG1"
"2661","RUVBL2","DPCD"
"2662","RUVBL2","EXOSC10"
"2663","SNRPB","SNRPB"
"2664","SNRPD1","SNRPD2"
"2665","SNRPD1","GEMIN5"
"2666","SNW1","PABPN1"
"2667","SSB","SSB"
"2668","SSRP1","DHX9"
"2669","SSRP1","EXOSC10"
"2670","SSRP1","NEK9"
"2671","SUPT16H","NEK9"
"2672","TAF12","CPSF1"
"2673","TAF12","TAF2"
"2674","TAF1A","TAF1A"
"2675","TAF1A","SET"
"2676","TAF6","TAF6"
"2677","TARDBP","ZHX1"
"2678","TARDBP","SETDB1"
"2679","TARDBP","EXOSC10"
"2680","TARDBP","NSFL1C"
"2681","TCEA2","RPA1"
"2682","TCEA2","CENPT"
"2683","TCERG1","SETDB1"
"2684","TCERG1","SF3B2"
"2685","TCERG1","SF3B4"
"2686","TCERG1","SF3A3"
"2687","TCERG1","HNRNPM"
"2688","TCFL5","TOPBP1"
"2689","TIMELESS","TIPIN"
"2690","TRIM24","TRIM24"
"2691","TRIM32","TRIM32"
"2692","TRIM32","UBQLN4"
"2693","TRIP13","TRIP13"
"2694","TRIP13","NIF3L1"
"2695","TRIP13","C11orf54"
"2696","TRIP13","PBLD"
"2697","UBTF","UBTF"
"2698","URI1","URI1"
"2699","WBP11","C5orf22"
"2700","WBP11","MCRS1"
"2701","XRCC6","ACD"
"2702","XRCC6","RPLP1"
"2703","XRCC6","CCT3"
"2704","XRCC6","PAFAH1B3"
"2705","XRCC6","CDCA5"
"2706","ZBTB33","ZBTB33"
"2707","ZFP64","SETDB1"
"2708","ZHX1","ZHX1"
"2709","ZHX1","TERF1"
"2710","ZMYND11","BMPR1A"
"2711","ZNF581","HNRNPC"
"2712","ZNF7","RPL7"
